Date,Publisher,Title,Link,
6-Mar-21,The Wall Street Journal,Senate Democrats Pass $1.9 Trillion Covid-19 Relief Plan - The Wall Street Journal,https://news.google.com/__i/rss/rd/articles/CBMiemh0dHBzOi8vd3d3Lndzai5jb20vYXJ0aWNsZXMvc2VuYXRlLWRlbW9jcmF0cy1vdmVyY29tZS1pbXBhc3NlLXJlYWNoLWFncmVlbWVudC10by1hZHZhbmNlLWNvdmlkLTE5LXJlbGllZi1iaWxsLTExNjE1MDEyNTc10gF-aHR0cHM6Ly93d3cud3NqLmNvbS9hbXAvYXJ0aWNsZXMvc2VuYXRlLWRlbW9jcmF0cy1vdmVyY29tZS1pbXBhc3NlLXJlYWNoLWFncmVlbWVudC10by1hZHZhbmNlLWNvdmlkLTE5LXJlbGllZi1iaWxsLTExNjE1MDEyNTc1?oc=5,
6-Mar-21,Associated Press,Highlights of the $1.9T COVID bill nearing final passage - Associated Press,https://news.google.com/__i/rss/rd/articles/CBMihwFodHRwczovL2FwbmV3cy5jb20vYXJ0aWNsZS9qb2UtYmlkZW4tcGVyc29uYWwtdGF4ZXMtbGVnaXNsYXRpb24tY29yb25hdmlydXMtcGFuZGVtaWMtbG9jYWwtZ292ZXJubWVudHMtZTgyOGM5MmZiZGQ3ZjRmYTFlMzVkOWFiOTVmZTcwNWXSAQA?oc=5,
6-Mar-21,CNN,Some children's hospitals see a surge in rare Covid-19 complication MIS-C - CNN,https://news.google.com/__i/rss/rd/articles/CBMiVmh0dHBzOi8vd3d3LmNubi5jb20vMjAyMS8wMy8wNi9oZWFsdGgvbWlzLWMtY292aWQtMTktY2FzZS1pbmNyZWFzZS13ZWxsbmVzcy9pbmRleC5odG1s0gFaaHR0cHM6Ly9hbXAuY25uLmNvbS9jbm4vMjAyMS8wMy8wNi9oZWFsdGgvbWlzLWMtY292aWQtMTktY2FzZS1pbmNyZWFzZS13ZWxsbmVzcy9pbmRleC5odG1s?oc=5,
6-Mar-21,The New York Times,"Covid-19 Live News: Updates on the Virus, Vaccines and Variants - The New York Times",https://news.google.com/__i/rss/rd/articles/CBMiQmh0dHBzOi8vd3d3Lm55dGltZXMuY29tL2xpdmUvMjAyMS8wMy8wNi93b3JsZC9jb3ZpZC0xOS1jb3JvbmF2aXJ1c9IBS2h0dHBzOi8vd3d3Lm55dGltZXMuY29tL2xpdmUvMjAyMS8wMy8wNi93b3JsZC9jb3ZpZC0xOS1jb3JvbmF2aXJ1cy5hbXAuaHRtbA?oc=5,
6-Mar-21,WPIX 11 New York,"Latest coronavirus updates in New York: Saturday, March 6, 2021 - WPIX 11 New York",https://news.google.com/__i/rss/rd/articles/CBMiYGh0dHBzOi8vcGl4MTEuY29tL25ld3MvY29yb25hdmlydXMvbGF0ZXN0LWNvcm9uYXZpcnVzLXVwZGF0ZXMtaW4tbmV3LXlvcmstc2F0dXJkYXktbWFyY2gtNi0yMDIxL9IBZGh0dHBzOi8vcGl4MTEuY29tL25ld3MvY29yb25hdmlydXMvbGF0ZXN0LWNvcm9uYXZpcnVzLXVwZGF0ZXMtaW4tbmV3LXlvcmstc2F0dXJkYXktbWFyY2gtNi0yMDIxL2FtcC8?oc=5,
6-Mar-21,Spectrum News NY1,NYC Moviegoers Return to Theaters in Person - Spectrum News NY1,https://news.google.com/__i/rss/rd/articles/CBMiaGh0dHBzOi8vd3d3Lm55MS5jb20vbnljL2FsbC1ib3JvdWdocy9jb3JvbmF2aXJ1cy1ibG9nLzIwMjEvMDMvMDYvbW92aWVnb2Vycy1yZXR1cm4tdG8tdGhlYXRlcnMtaW4tcGVyc29u0gEA?oc=5,
5-Mar-21,Patch.com,COVID Clusters Hit City Workplaces As Frontline Employees Wait For Vaccines - Patch.com,https://news.google.com/__i/rss/rd/articles/CBMibWh0dHBzOi8vcGF0Y2guY29tL25ldy15b3JrL25ldy15b3JrLWNpdHkvY292aWQtY2x1c3RlcnMtaGl0LWNpdHktd29ya3BsYWNlcy1mcm9udGxpbmUtZW1wbG95ZWVzLXdhaXQtdmFjY2luZXPSAQA?oc=5,
6-Mar-21,NBC New York,"New York Strip Club Can't Get COVID Relief Loan, Appeals Court Rules - NBC New York",https://news.google.com/__i/rss/rd/articles/CBMid2h0dHBzOi8vd3d3Lm5iY25ld3lvcmsuY29tL25ld3MvY29yb25hdmlydXMvbmV3LXlvcmstc3RyaXAtY2x1Yi1jYW50LWdldC1jb3ZpZC1yZWxpZWYtbG9hbi1hcHBlYWxzLWNvdXJ0LXJ1bGVzLzI5Mjc5ODgv0gF7aHR0cHM6Ly93d3cubmJjbmV3eW9yay5jb20vbmV3cy9jb3JvbmF2aXJ1cy9uZXcteW9yay1zdHJpcC1jbHViLWNhbnQtZ2V0LWNvdmlkLXJlbGllZi1sb2FuLWFwcGVhbHMtY291cnQtcnVsZXMvMjkyNzk4OC8_YW1w?oc=5,
29-Jan-16,GOV.UK,NHS entitlements: migrant health guide – GOV.UK (www.gov.uk) - GOV.UK,https://news.google.com/__i/rss/rd/articles/CBMiQWh0dHBzOi8vd3d3Lmdvdi51ay9ndWlkYW5jZS9uaHMtZW50aXRsZW1lbnRzLW1pZ3JhbnQtaGVhbHRoLWd1aWRl0gEA?oc=5,
26-Jan-21,World Health Organization,WHO: The Moderna COVID-19 (mRNA-1273) vaccine: what you need to know - World Health Organization,https://news.google.com/__i/rss/rd/articles/CBMicWh0dHBzOi8vd3d3Lndoby5pbnQvbmV3cy1yb29tL2ZlYXR1cmUtc3Rvcmllcy9kZXRhaWwvdGhlLW1vZGVybmEtY292aWQtMTktbXJuYS0xMjczLXZhY2NpbmUtd2hhdC15b3UtbmVlZC10by1rbm930gEA?oc=5,
24-Feb-21,VAntage Point Blog,Coronavirus FAQs: What Veterans Need To Know - VAntage Point Blog,https://news.google.com/__i/rss/rd/articles/CBMiQmh0dHBzOi8vd3d3LnZhLmdvdi9jb3JvbmF2aXJ1cy12ZXRlcmFuLWZyZXF1ZW50bHktYXNrZWQtcXVlc3Rpb25zL9IBAA?oc=5,
6-Mar-21,CNBC,"Senate passes $1.9 trillion Covid relief bill, House Democrats plan final approval Tuesday - CNBC",https://news.google.com/__i/rss/rd/articles/CBMiZWh0dHBzOi8vd3d3LmNuYmMuY29tLzIwMjEvMDMvMDYvY292aWQtc3RpbXVsdXMtdXBkYXRlLXNlbmF0ZS1wYXNzZXMtMXBvaW50OS10cmlsbGlvbi1yZWxpZWYtYmlsbC5odG1s0gFpaHR0cHM6Ly93d3cuY25iYy5jb20vYW1wLzIwMjEvMDMvMDYvY292aWQtc3RpbXVsdXMtdXBkYXRlLXNlbmF0ZS1wYXNzZXMtMXBvaW50OS10cmlsbGlvbi1yZWxpZWYtYmlsbC5odG1s?oc=5,
6-Mar-21,The New York Times,"Covid-19 Live News: Updates on the Virus, Vaccines and Variants - The New York Times",https://news.google.com/__i/rss/rd/articles/CBMiQmh0dHBzOi8vd3d3Lm55dGltZXMuY29tL2xpdmUvMjAyMS8wMy8wNi93b3JsZC9jb3ZpZC0xOS1jb3JvbmF2aXJ1c9IBS2h0dHBzOi8vd3d3Lm55dGltZXMuY29tL2xpdmUvMjAyMS8wMy8wNi93b3JsZC9jb3ZpZC0xOS1jb3JvbmF2aXJ1cy5hbXAuaHRtbA?oc=5,
5-Mar-21,NPR,"Employers Added 379,000 Jobs Last Month As Hiring Pace Picks Up - NPR",https://news.google.com/__i/rss/rd/articles/CBMieWh0dHBzOi8vd3d3Lm5wci5vcmcvMjAyMS8wMy8wNS85NzM3NTA3MzcvZW1wbG95ZXJzLWFkZGVkLTM3OS0wMDAtam9icy1sYXN0LW1vbnRoLWFzLWVjb25vbXktZW1lcmdlcy1mcm9tLXdpbnRlci1oaWJlcm5hdGnSAQA?oc=5,
4-Mar-21,CNBC,"Companies with the worst numbers suddenly have the best stocks, Jim Cramer says - CNBC",https://news.google.com/__i/rss/rd/articles/CBMiYGh0dHBzOi8vd3d3LmNuYmMuY29tLzIwMjEvMDMvMDMvamltLWNyYW1lci1jb3JvbmF2aXJ1cy1sb3NlcnMtc3VkZGVubHktaGF2ZS10aGUtYmVzdC1zdG9ja3MuaHRtbNIBZGh0dHBzOi8vd3d3LmNuYmMuY29tL2FtcC8yMDIxLzAzLzAzL2ppbS1jcmFtZXItY29yb25hdmlydXMtbG9zZXJzLXN1ZGRlbmx5LWhhdmUtdGhlLWJlc3Qtc3RvY2tzLmh0bWw?oc=5,
6-Mar-21,Dalai Lama,His Holiness the Dalai Lama Receives COVID-19 Vaccine - Dalai Lama,https://news.google.com/__i/rss/rd/articles/CBMiK2h0dHBzOi8vd3d3LnlvdXR1YmUuY29tL3dhdGNoP3Y9NTF5cHpjNWhxcGPSAQA?oc=5,
6-Mar-21,Los Angeles Times,California counties criticize Blue Shield COVID vaccine rollout - Los Angeles Times,https://news.google.com/__i/rss/rd/articles/CBMiigFodHRwczovL3d3dy5sYXRpbWVzLmNvbS9jYWxpZm9ybmlhL3N0b3J5LzIwMjEtMDMtMDYvY2FsaWZvcm5pYS1jb3VudGllcy1jcml0aWNpc20tc3RhdGUtY29udHJhY3QtY292aWQtMTktdmFjY2luZS1kaXN0cmlidXRpb24tYmx1ZS1zaGllbGTSAQA?oc=5,
6-Mar-21,The Verge,COVID-19 vaccine supplies are on the rise in the US - The Verge,https://news.google.com/__i/rss/rd/articles/CBMiXGh0dHBzOi8vd3d3LnRoZXZlcmdlLmNvbS8yMDIxLzMvNi8yMjMxNjA5NC9jb3ZpZC0xOS12YWNjaW5lLXN1cHBsaWVzLXVzLWFudGl2aXJ1cy1uZXdzbGV0dGVy0gFpaHR0cHM6Ly93d3cudGhldmVyZ2UuY29tL3BsYXRmb3JtL2FtcC8yMDIxLzMvNi8yMjMxNjA5NC9jb3ZpZC0xOS12YWNjaW5lLXN1cHBsaWVzLXVzLWFudGl2aXJ1cy1uZXdzbGV0dGVy?oc=5,
6-Mar-21,Axios,The barriers to vaccine passports - Axios,https://news.google.com/__i/rss/rd/articles/CBMiZWh0dHBzOi8vd3d3LmF4aW9zLmNvbS9iYXJyaWVycy1jb3JvbmF2aXJ1cy12YWNjaW5lLXBhc3Nwb3J0LWVlNWFlNjg5LWM5ZTItNDMwNi05NjcxLTBhZjI4YmYyMTQ0NS5odG1s0gFlaHR0cHM6Ly93d3cuYXhpb3MuY29tL2JhcnJpZXJzLWNvcm9uYXZpcnVzLXZhY2NpbmUtcGFzc3BvcnQtZWU1YWU2ODktYzllMi00MzA2LTk2NzEtMGFmMjhiZjIxNDQ1Lmh0bWw?oc=5,
5-Mar-21,The New York Times,"Ivermectin Does Not Alleviate Mild Covid-19 Symptoms, Study Finds - The New York Times",https://news.google.com/__i/rss/rd/articles/CBMiUGh0dHBzOi8vd3d3Lm55dGltZXMuY29tLzIwMjEvMDMvMDQvc2NpZW5jZS9jb3JvbmF2aXJ1cy1pdmVybWVjdGluLXRyZWF0bWVudC5odG1s0gFUaHR0cHM6Ly93d3cubnl0aW1lcy5jb20vMjAyMS8wMy8wNC9zY2llbmNlL2Nvcm9uYXZpcnVzLWl2ZXJtZWN0aW4tdHJlYXRtZW50LmFtcC5odG1s?oc=5,
5-Mar-21,CBS News,Fluvoxamine: How a 40-year-old antidepressant became a possible candidate for early treatment of COVID - 60 Minutes - CBS News,https://news.google.com/__i/rss/rd/articles/CBMiY2h0dHBzOi8vd3d3LmNic25ld3MuY29tL25ld3MvZmx1dm94YW1pbmUtYW50aWRlcHJlc3NhbnQtZHJ1Zy1jb3ZpZC10cmVhdG1lbnQtNjAtbWludXRlcy0yMDIxLTAzLTA1L9IBZ2h0dHBzOi8vd3d3LmNic25ld3MuY29tL2FtcC9uZXdzL2ZsdXZveGFtaW5lLWFudGlkZXByZXNzYW50LWRydWctY292aWQtdHJlYXRtZW50LTYwLW1pbnV0ZXMtMjAyMS0wMy0wNS8?oc=5,
4-Mar-21,CNN,China approves sale of traditional medicine products to treat Covid-19 - CNN,https://news.google.com/__i/rss/rd/articles/CBMiVWh0dHBzOi8vd3d3LmNubi5jb20vMjAyMS8wMy8wNC9hc2lhL2NoaW5hLXRjbS1hcHByb3ZlZC1jb3ZpZC1pbnRsLWhuay1zY2xpL2luZGV4Lmh0bWzSAVlodHRwczovL2FtcC5jbm4uY29tL2Nubi8yMDIxLzAzLzA0L2FzaWEvY2hpbmEtdGNtLWFwcHJvdmVkLWNvdmlkLWludGwtaG5rLXNjbGkvaW5kZXguaHRtbA?oc=5,
6-Mar-21,BuzzFeed News,We Have Vaccines For COVID-19. Why Don’t We Have Good Treatments? - BuzzFeed News,https://news.google.com/__i/rss/rd/articles/CBMiV2h0dHBzOi8vd3d3LmJ1enpmZWVkbmV3cy5jb20vYXJ0aWNsZS9kYW52ZXJnYW5vL2Nvcm9uYXZpcnVzLXRyZWF0bWVudHMtYW50aXZpcmFscy1mYXVjadIBV2h0dHBzOi8vd3d3LmJ1enpmZWVkbmV3cy5jb20vYW1waHRtbC9kYW52ZXJnYW5vL2Nvcm9uYXZpcnVzLXRyZWF0bWVudHMtYW50aXZpcmFscy1mYXVjaQ?oc=5,
5-Mar-21,CNBC,Airlines are changing their flight destinations after the devastating shock of Covid - CNBC,https://news.google.com/__i/rss/rd/articles/CBMia2h0dHBzOi8vd3d3LmNuYmMuY29tLzIwMjEvMDMvMDUvYWlybGluZXMtY2hhbmdpbmctYnVzaW5lc3MtdG8tYW5zd2VyLXBvc3QtcGFuZGVtaWMtZGVtYW5kLWZvci1ob2xpZGF5cy5odG1s0gFvaHR0cHM6Ly93d3cuY25iYy5jb20vYW1wLzIwMjEvMDMvMDUvYWlybGluZXMtY2hhbmdpbmctYnVzaW5lc3MtdG8tYW5zd2VyLXBvc3QtcGFuZGVtaWMtZGVtYW5kLWZvci1ob2xpZGF5cy5odG1s?oc=5,
6-Mar-21,Fox News,Tom Cruise deepfakes on Tiktok point to more serious problems with realistic phony videos - Fox News,https://news.google.com/__i/rss/rd/articles/CBMiVGh0dHBzOi8vd3d3LmZveG5ld3MuY29tL3RlY2gvdG9tLWNydWlzZS1kZWVwZmFrZS10aWt0b2stcG9pbnRzLW1vcmUtc2VyaW91cy1wcm9ibGVtc9IBWGh0dHBzOi8vd3d3LmZveG5ld3MuY29tL3RlY2gvdG9tLWNydWlzZS1kZWVwZmFrZS10aWt0b2stcG9pbnRzLW1vcmUtc2VyaW91cy1wcm9ibGVtcy5hbXA?oc=5,
5-Mar-21,BBC News,Covid-19: English travellers face fines and losing flights without new permit - BBC News,https://news.google.com/__i/rss/rd/articles/CBMiKmh0dHBzOi8vd3d3LmJiYy5jb20vbmV3cy9idXNpbmVzcy01NjI5NTQ4NtIBLmh0dHBzOi8vd3d3LmJiYy5jb20vbmV3cy9hbXAvYnVzaW5lc3MtNTYyOTU0ODY?oc=5,
5-Mar-21,Washington Post,"How travel brought two covid variants to the U.S., according to the CDC - Washington Post",https://news.google.com/__i/rss/rd/articles/CBMiTWh0dHBzOi8vd3d3Lndhc2hpbmd0b25wb3N0LmNvbS90cmF2ZWwvMjAyMS8wMy8wNS91ay1icmF6aWwtY2RjLWNvdmlkLXZhcmlhbnQv0gFcaHR0cHM6Ly93d3cud2FzaGluZ3RvbnBvc3QuY29tL3RyYXZlbC8yMDIxLzAzLzA1L3VrLWJyYXppbC1jZGMtY292aWQtdmFyaWFudC8_b3V0cHV0VHlwZT1hbXA?oc=5,
6-Mar-21,NPR,Coronavirus Relief: Senate Approves $1.9 Trillion Package : Coronavirus Updates - NPR,https://news.google.com/__i/rss/rd/articles/CBMigAFodHRwczovL3d3dy5ucHIub3JnL3NlY3Rpb25zL2Nvcm9uYXZpcnVzLWxpdmUtdXBkYXRlcy8yMDIxLzAzLzA2Lzk3MzEyNjE5OS9zZW5hdGUtcGFzc2VzLTEtOS10cmlsbGlvbi1jb3JvbmF2aXJ1cy1yZWxpZWYtcGFja2FnZdIBAA?oc=5,
6-Mar-21,CNN,Some children's hospitals see a surge in rare Covid-19 complication MIS-C - CNN,https://news.google.com/__i/rss/rd/articles/CBMiVmh0dHBzOi8vd3d3LmNubi5jb20vMjAyMS8wMy8wNi9oZWFsdGgvbWlzLWMtY292aWQtMTktY2FzZS1pbmNyZWFzZS13ZWxsbmVzcy9pbmRleC5odG1s0gFaaHR0cHM6Ly9hbXAuY25uLmNvbS9jbm4vMjAyMS8wMy8wNi9oZWFsdGgvbWlzLWMtY292aWQtMTktY2FzZS1pbmNyZWFzZS13ZWxsbmVzcy9pbmRleC5odG1s?oc=5,
6-Mar-21,NPR,Hair Loss Is A Hot Topic: Is COVID Responsible? : Goats and Soda - NPR,https://news.google.com/__i/rss/rd/articles/CBMibmh0dHBzOi8vd3d3Lm5wci5vcmcvc2VjdGlvbnMvZ29hdHNhbmRzb2RhLzIwMjEvMDMvMDYvOTc0MDU3NDY2L2Nvcm9uYXZpcnVzLWZhcS1kb2VzLWl0LW1ha2UteW91ci1oYWlyLWZhbGwtb3V00gEA?oc=5,
6-Mar-21,CNN,Spring break could be a perfect storm for spreading coronavirus variants. Don't let that happen - CNN,https://news.google.com/__i/rss/rd/articles/CBMiTmh0dHBzOi8vd3d3LmNubi5jb20vMjAyMS8wMy8wNi9oZWFsdGgvc3ByaW5nLWJyZWFrLTIwMjEtY29yb25hdmlydXMvaW5kZXguaHRtbNIBUmh0dHBzOi8vYW1wLmNubi5jb20vY25uLzIwMjEvMDMvMDYvaGVhbHRoL3NwcmluZy1icmVhay0yMDIxLWNvcm9uYXZpcnVzL2luZGV4Lmh0bWw?oc=5,
6-Mar-21,The Associated Press,Europe staggers as infectious variants power virus surge - The Associated Press,https://news.google.com/__i/rss/rd/articles/CBMibGh0dHBzOi8vYXBuZXdzLmNvbS9hcnRpY2xlL2V1cm9wZS1lbmdsYW5kLWNvcm9uYXZpcnVzLXBhbmRlbWljLWZyYW5jZS1taWxhbi0yYjRlOGM1MDkyZGI5MmMzODE5NDg4NGE0YjgwNDllNNIBAA?oc=5,
6-Mar-21,The Wall Street Journal,Covid-19 Pill Shows Promise in Preliminary Testing - The Wall Street Journal,https://news.google.com/__i/rss/rd/articles/CBMiW2h0dHBzOi8vd3d3Lndzai5jb20vYXJ0aWNsZXMvY292aWQtMTktcGlsbC1zaG93cy1wcm9taXNlLWluLXByZWxpbWluYXJ5LXRlc3RpbmctMTE2MTUwMDY4NjHSAQA?oc=5,
5-Mar-21,NBC News,CDC delays guidance for vaccinated Americans as new Covid-19 cases stall - NBC News,https://news.google.com/__i/rss/rd/articles/CBMidWh0dHBzOi8vd3d3Lm5iY25ld3MuY29tL2hlYWx0aC9oZWFsdGgtbmV3cy9jZGMtZGVsYXlzLWd1aWRhbmNlLXZhY2NpbmF0ZWQtYW1lcmljYW5zLW5ldy1jb3ZpZC0xOS1jYXNlcy1zdGFsbC1uMTI1OTcxOdIBLGh0dHBzOi8vd3d3Lm5iY25ld3MuY29tL25ld3MvYW1wL25jbmExMjU5NzE5?oc=5,
5-Mar-21,The New York Times,How Rhode Island Fell to the Coronavirus - The New York Times,https://news.google.com/__i/rss/rd/articles/CBMiR2h0dHBzOi8vd3d3Lm55dGltZXMuY29tLzIwMjEvMDMvMDUvaGVhbHRoL2Nvcm9uYXZpcnVzLXJob2RlLWlzbGFuZC5odG1s0gFLaHR0cHM6Ly93d3cubnl0aW1lcy5jb20vMjAyMS8wMy8wNS9oZWFsdGgvY29yb25hdmlydXMtcmhvZGUtaXNsYW5kLmFtcC5odG1s?oc=5,
6-Mar-21,USA TODAY,'Weight isn't always within your control': Why some states are prioritizing obesity patients for the COVID-19 vaccine - USA TODAY,https://news.google.com/__i/rss/rd/articles/CBMifmh0dHBzOi8vd3d3LnVzYXRvZGF5LmNvbS9zdG9yeS9uZXdzL2hlYWx0aC8yMDIxLzAzLzA2L2NvdmlkLXZhY2NpbmUtY2RjLXN0YXRlcy1wcmlvcml0aXplLXBlb3BsZS1vYmVzaXR5LWhlcmVzLXdoeS82ODgzMjM1MDAyL9IBJ2h0dHBzOi8vYW1wLnVzYXRvZGF5LmNvbS9hbXAvNjg4MzIzNTAwMg?oc=5,
6-Mar-21,Al Jazeera English,Protests erupt over Paraguay’s handling of COVID-19 - Al Jazeera English,https://news.google.com/__i/rss/rd/articles/CBMiZWh0dHBzOi8vd3d3LmFsamF6ZWVyYS5jb20vbmV3cy8yMDIxLzMvNi9wYXJhZ3VheS1wcm90ZXN0cy1lcnVwdC1vdmVyLWdvdmVybm1lbnRzLWhhbmRsaW5nLW9mLWNvdmlkLTE50gFpaHR0cHM6Ly93d3cuYWxqYXplZXJhLmNvbS9hbXAvbmV3cy8yMDIxLzMvNi9wYXJhZ3VheS1wcm90ZXN0cy1lcnVwdC1vdmVyLWdvdmVybm1lbnRzLWhhbmRsaW5nLW9mLWNvdmlkLTE5?oc=5,
6-Mar-21,KCCI Des Moines,COVID-19 hospitalizations continue downward trend - KCCI Des Moines,https://news.google.com/__i/rss/rd/articles/CBMiV2h0dHBzOi8vd3d3LmtjY2kuY29tL2FydGljbGUvY292aWQtMTktaG9zcGl0YWxpemF0aW9ucy1jb250aW51ZS1kb3dud2FyZC10cmVuZC8zNTc0OTMyNtIBW2h0dHBzOi8vd3d3LmtjY2kuY29tL2FtcC9hcnRpY2xlL2NvdmlkLTE5LWhvc3BpdGFsaXphdGlvbnMtY29udGludWUtZG93bndhcmQtdHJlbmQvMzU3NDkzMjY?oc=5,
5-Mar-21,The New York Times,Opinion ," Black People Need Better Covid-19 Vaccine Access, Not Better Vaccine Attitudes - The New York Times",https://news.google.com/__i/rss/rd/articles/CBMiRWh0dHBzOi8vd3d3Lm55dGltZXMuY29tLzIwMjEvMDMvMDUvb3Bpbmlvbi91cy1jb3ZpZC1ibGFjay1wZW9wbGUuaHRtbNIBSWh0dHBzOi8vd3d3Lm55dGltZXMuY29tLzIwMjEvMDMvMDUvb3Bpbmlvbi91cy1jb3ZpZC1ibGFjay1wZW9wbGUuYW1wLmh0bWw?oc=5
6-Mar-21,The Washington Post,Your employer can ask whether you’ve received the coronavirus vaccine — and even require it - The Washington Post,https://news.google.com/__i/rss/rd/articles/CBMiVWh0dHBzOi8vd3d3Lndhc2hpbmd0b25wb3N0LmNvbS9saWZlc3R5bGUvMjAyMS8wMy8wNi93b3JrcGxhY2UtY292aWQtdmFjY2luZS1wb2xpY2llcy_SAWRodHRwczovL3d3dy53YXNoaW5ndG9ucG9zdC5jb20vbGlmZXN0eWxlLzIwMjEvMDMvMDYvd29ya3BsYWNlLWNvdmlkLXZhY2NpbmUtcG9saWNpZXMvP291dHB1dFR5cGU9YW1w?oc=5,
5-Mar-21,Livescience.com,Why is China giving travelers anal tests for COVID-19? - Livescience.com,https://news.google.com/__i/rss/rd/articles/CBMiOmh0dHBzOi8vd3d3LmxpdmVzY2llbmNlLmNvbS9hbmFsLXRlc3RzLWNvdmlkLTE5LWNoaW5hLmh0bWzSAT5odHRwczovL3d3dy5saXZlc2NpZW5jZS5jb20vYW1wL2FuYWwtdGVzdHMtY292aWQtMTktY2hpbmEuaHRtbA?oc=5,
6-Mar-21,BBC News,England's coronavirus vaccine rollout in maps - BBC News,https://news.google.com/__i/rss/rd/articles/CBMiLGh0dHBzOi8vd3d3LmJiYy5jb20vbmV3cy91ay1lbmdsYW5kLTU2MjkzODM50gEwaHR0cHM6Ly93d3cuYmJjLmNvbS9uZXdzL2FtcC91ay1lbmdsYW5kLTU2MjkzODM5?oc=5,
6-Mar-21,Seattle Times,"Coronavirus daily news updates, March 6: What to know today about COVID-19 in the Seattle area, Washington state and the world - Seattle Times",https://news.google.com/__i/rss/rd/articles/CBMirQFodHRwczovL3d3dy5zZWF0dGxldGltZXMuY29tL3NlYXR0bGUtbmV3cy9oZWFsdGgvY29yb25hdmlydXMtZGFpbHktbmV3cy11cGRhdGVzLW1hcmNoLTYtd2hhdC10by1rbm93LXRvZGF5LWFib3V0LWNvdmlkLTE5LWluLXRoZS1zZWF0dGxlLWFyZWEtd2FzaGluZ3Rvbi1zdGF0ZS1hbmQtdGhlLXdvcmxkL9IBswFodHRwczovL3d3dy5zZWF0dGxldGltZXMuY29tL3NlYXR0bGUtbmV3cy9oZWFsdGgvY29yb25hdmlydXMtZGFpbHktbmV3cy11cGRhdGVzLW1hcmNoLTYtd2hhdC10by1rbm93LXRvZGF5LWFib3V0LWNvdmlkLTE5LWluLXRoZS1zZWF0dGxlLWFyZWEtd2FzaGluZ3Rvbi1zdGF0ZS1hbmQtdGhlLXdvcmxkLz9hbXA9MQ?oc=5,
5-Mar-21,CNN,Fake tax preparer gets six Covid-19 bailout loans worth more than $1 million - CNN,https://news.google.com/__i/rss/rd/articles/CBMiVGh0dHBzOi8vd3d3LmNubi5jb20vMjAyMS8wMy8wNS9idXNpbmVzcy9wb2x6aW4tdGF4LXByZXBhcmVyLXBwcC1sb2FuLWludnMvaW5kZXguaHRtbNIBWGh0dHBzOi8vYW1wLmNubi5jb20vY25uLzIwMjEvMDMvMDUvYnVzaW5lc3MvcG9semluLXRheC1wcmVwYXJlci1wcHAtbG9hbi1pbnZzL2luZGV4Lmh0bWw?oc=5,
6-Mar-21,DW (English),Coronavirus: German vaccine shortage 'over soon' - DW (English),https://news.google.com/__i/rss/rd/articles/CBMiTmh0dHBzOi8vd3d3LmR3LmNvbS9lbi9jb3JvbmF2aXJ1cy1nZXJtYW4tdmFjY2luZS1zaG9ydGFnZS1vdmVyLXNvb24vYS01Njc5MzcyM9IBTmh0dHBzOi8vYW1wLmR3LmNvbS9lbi9jb3JvbmF2aXJ1cy1nZXJtYW4tdmFjY2luZS1zaG9ydGFnZS1vdmVyLXNvb24vYS01Njc5MzcyMw?oc=5,
5-Mar-21,Boston.com,"The short-term, middle-term, and long-term future of the coronavirus - Boston.com",https://news.google.com/__i/rss/rd/articles/CBMiRWh0dHBzOi8vd3d3LmJvc3Rvbi5jb20vbmV3cy9jb3JvbmF2aXJ1cy8yMDIxLzAzLzA1L2Nvcm9uYXZpcnVzLWZ1dHVyZdIBSWh0dHBzOi8vd3d3LmJvc3Rvbi5jb20vbmV3cy9jb3JvbmF2aXJ1cy8yMDIxLzAzLzA1L2Nvcm9uYXZpcnVzLWZ1dHVyZS9hbXA?oc=5,
6-Mar-21,Chicago Tribune,COVID-19 in Illinois updates: Here’s what’s happening this weekend - Chicago Tribune,https://news.google.com/__i/rss/rd/articles/CBMiiAFodHRwczovL3d3dy5jaGljYWdvdHJpYnVuZS5jb20vY29yb25hdmlydXMvY3QtYXVkLWNvdmlkLTE5LXBhbmRlbWljLWNoaWNhZ28taWxsaW5vaXMtbmV3cy0yMDIxMDMwNi1sZnNyNGNhMmluYnUzaDR2Ynpoc2VpZDQ3bS1zdG9yeS5odG1s0gGXAWh0dHBzOi8vd3d3LmNoaWNhZ290cmlidW5lLmNvbS9jb3JvbmF2aXJ1cy9jdC1hdWQtY292aWQtMTktcGFuZGVtaWMtY2hpY2Fnby1pbGxpbm9pcy1uZXdzLTIwMjEwMzA2LWxmc3I0Y2EyaW5idTNoNHZiemhzZWlkNDdtLXN0b3J5Lmh0bWw_b3V0cHV0VHlwZT1hbXA?oc=5,
6-Mar-21,Minnesota Public Radio News,"Latest on COVID-19 in MN: A year after 1st case, hope percolates - Minnesota Public Radio News",https://news.google.com/__i/rss/rd/articles/CBMiQGh0dHBzOi8vd3d3Lm1wcm5ld3Mub3JnL3N0b3J5LzIwMjEvMDMvMDYvbGF0ZXN0LW9uLWNvdmlkMTktaW4tbW7SAURodHRwczovL3d3dy5tcHJuZXdzLm9yZy9hbXAvc3RvcnkvMjAyMS8wMy8wNi9sYXRlc3Qtb24tY292aWQxOS1pbi1tbg?oc=5,
6-Mar-21,CBS Sports,MVC Tournament game canceled minutes before tipoff due to COVID-19 positive test in Northern Iowa's program - CBS Sports,https://news.google.com/__i/rss/rd/articles/CBMinQFodHRwczovL3d3dy5jYnNzcG9ydHMuY29tL2NvbGxlZ2UtYmFza2V0YmFsbC9uZXdzL212Yy10b3VybmFtZW50LWdhbWUtY2FuY2VsZWQtbWludXRlcy1iZWZvcmUtdGlwb2ZmLWR1ZS10by1jb3ZpZC0xOS1wb3NpdGl2ZS10ZXN0LWluLW5vcnRoZXJuLWlvd2FzLXByb2dyYW0v0gGhAWh0dHBzOi8vd3d3LmNic3Nwb3J0cy5jb20vY29sbGVnZS1iYXNrZXRiYWxsL25ld3MvbXZjLXRvdXJuYW1lbnQtZ2FtZS1jYW5jZWxlZC1taW51dGVzLWJlZm9yZS10aXBvZmYtZHVlLXRvLWNvdmlkLTE5LXBvc2l0aXZlLXRlc3QtaW4tbm9ydGhlcm4taW93YXMtcHJvZ3JhbS9hbXAv?oc=5,
6-Mar-21,Associated Press,Tibetan spiritual leader Dalai Lama gets vaccine shot - Associated Press,https://news.google.com/__i/rss/rd/articles/CBMiZ2h0dHBzOi8vYXBuZXdzLmNvbS9hcnRpY2xlL2RhbGFpLWxhbWEtaW5kaWEtY29yb25hdmlydXMtcGFuZGVtaWMtdGliZXQtYTczOTgyZTdmZGFmZTU4NTA3YjRhMzE0NWIwNjliMjbSAQA?oc=5,
5-Mar-21,Vox.com,"The “best” vaccine? Don’t be misled in comparing efficacy of Johnson and Johnson, Moderna, and Pfizer/BioNTec… - Vox.com",https://news.google.com/__i/rss/rd/articles/CBMiTWh0dHBzOi8vd3d3LnZveC5jb20vMjIzMTE2MjUvY292aWQtMTktdmFjY2luZS1lZmZpY2FjeS1qb2huc29uLW1vZGVybmEtcGZpemVy0gFaaHR0cHM6Ly93d3cudm94LmNvbS9wbGF0Zm9ybS9hbXAvMjIzMTE2MjUvY292aWQtMTktdmFjY2luZS1lZmZpY2FjeS1qb2huc29uLW1vZGVybmEtcGZpemVy?oc=5,
6-Mar-21,countynewscenter.com,County Surpasses 1 Million COVID-19 Vaccinations - countynewscenter.com,https://news.google.com/__i/rss/rd/articles/CBMiUmh0dHBzOi8vd3d3LmNvdW50eW5ld3NjZW50ZXIuY29tL2NvdW50eS1zdXJwYXNzZXMtMS1taWxsaW9uLWNvdmlkLTE5LXZhY2NpbmF0aW9ucy_SAVZodHRwczovL3d3dy5jb3VudHluZXdzY2VudGVyLmNvbS9jb3VudHktc3VycGFzc2VzLTEtbWlsbGlvbi1jb3ZpZC0xOS12YWNjaW5hdGlvbnMvYW1wLw?oc=5,
6-Mar-21,FRANCE 24 English,Brazil's daily Covid-19 deaths reach record highs amid brutal second wave - FRANCE 24 English,https://news.google.com/__i/rss/rd/articles/CBMid2h0dHBzOi8vd3d3LmZyYW5jZTI0LmNvbS9lbi9hbWVyaWNhcy8yMDIxMDMwNi1icmF6aWwtcy1kYWlseS1jb3ZpZC0xOS1kZWF0aHMtcmVhY2gtcmVjb3JkLWhpZ2hzLWFtaWQtYnJ1dGFsLXNlY29uZC13YXZl0gF3aHR0cHM6Ly9hbXAuZnJhbmNlMjQuY29tL2VuL2FtZXJpY2FzLzIwMjEwMzA2LWJyYXppbC1zLWRhaWx5LWNvdmlkLTE5LWRlYXRocy1yZWFjaC1yZWNvcmQtaGlnaHMtYW1pZC1icnV0YWwtc2Vjb25kLXdhdmU?oc=5,
6-Mar-21,Financial Times,US approves new T-cell test for coronavirus - Financial Times,https://news.google.com/__i/rss/rd/articles/CBMiP2h0dHBzOi8vd3d3LmZ0LmNvbS9jb250ZW50LzNhM2Q4ZmNjLTI4ZGItNDE5MC04NzQwLTJjZTk2MmRkMzYxYtIBAA?oc=5,
6-Mar-21,The Wall Street Journal,Covid-19 Live Updates: Officials Urge Caution as States Lift Restrictions - The Wall Street Journal,https://news.google.com/__i/rss/rd/articles/CBMiMWh0dHBzOi8vd3d3Lndzai5jb20vbGl2ZWNvdmVyYWdlL2NvdmlkLTIwMjEtMDMtMDXSATVodHRwczovL3d3dy53c2ouY29tL2FtcC9saXZlY292ZXJhZ2UvY292aWQtMjAyMS0wMy0wNQ?oc=5,
6-Mar-21,ny.gov,Governor Cuomo Updates New Yorkers on State's Progress During COVID-19 Pandemic - ny.gov,https://news.google.com/__i/rss/rd/articles/CBMicGh0dHBzOi8vd3d3LmdvdmVybm9yLm55Lmdvdi9uZXdzL2dvdmVybm9yLWN1b21vLXVwZGF0ZXMtbmV3LXlvcmtlcnMtc3RhdGVzLXByb2dyZXNzLWR1cmluZy1jb3ZpZC0xOS1wYW5kZW1pYy0xMzXSAQA?oc=5,
5-Mar-21,The Washington Post,"A year later, Washington region’s first coronavirus patient recounts trauma of her role in history - The Washington Post",https://news.google.com/__i/rss/rd/articles/CBMiiwFodHRwczovL3d3dy53YXNoaW5ndG9ucG9zdC5jb20vbG9jYWwvY29yb25hdmlydXMtZGMtbWFyeWxhbmQtdmlyZ2luaWEtZmlyc3QtY2FzZS8yMDIxLzAzLzA1LzIyYWUwNmE0LTdjNGQtMTFlYi04NWNkLTliN2ZhOTBjODg3M19zdG9yeS5odG1s0gGaAWh0dHBzOi8vd3d3Lndhc2hpbmd0b25wb3N0LmNvbS9sb2NhbC9jb3JvbmF2aXJ1cy1kYy1tYXJ5bGFuZC12aXJnaW5pYS1maXJzdC1jYXNlLzIwMjEvMDMvMDUvMjJhZTA2YTQtN2M0ZC0xMWViLTg1Y2QtOWI3ZmE5MGM4ODczX3N0b3J5Lmh0bWw_b3V0cHV0VHlwZT1hbXA?oc=5,
5-Mar-21,Business Insider,"Intranasal COVID-19 vaccine spray could stem spread, researchers say - Business Insider",https://news.google.com/__i/rss/rd/articles/CBMiWmh0dHBzOi8vd3d3LmJ1c2luZXNzaW5zaWRlci5jb20vaW50cmFuYXNhbC1jb3ZpZC0xOS12YWNjaW5lLXNwcmF5LWNvdWxkLXN0ZW0tc3ByZWFkLTIwMjEtM9IBXmh0dHBzOi8vd3d3LmJ1c2luZXNzaW5zaWRlci5jb20vaW50cmFuYXNhbC1jb3ZpZC0xOS12YWNjaW5lLXNwcmF5LWNvdWxkLXN0ZW0tc3ByZWFkLTIwMjEtMz9hbXA?oc=5,
6-Mar-21,Press Herald,"Maine CDC reports 185 cases of COVID-19, no new deaths - Press Herald",https://news.google.com/__i/rss/rd/articles/CBMiXWh0dHBzOi8vd3d3LnByZXNzaGVyYWxkLmNvbS8yMDIxLzAzLzA2L21haW5lLWNkYy1yZXBvcnRzLTE4NS1jYXNlcy1vZi1jb3ZpZC0xOS1uby1uZXctZGVhdGhzL9IBAA?oc=5,
5-Mar-21,The New York Times,Coronavirus Vaccine and BMI? Yes You Should Get Vaccinated. - The New York Times,https://news.google.com/__i/rss/rd/articles/CBMiSWh0dHBzOi8vd3d3Lm55dGltZXMuY29tLzIwMjEvMDMvMDUvc3R5bGUvc2VsZi1jYXJlL2JtaS1jb3ZpZC12YWNjaW5lLmh0bWzSAU1odHRwczovL3d3dy5ueXRpbWVzLmNvbS8yMDIxLzAzLzA1L3N0eWxlL3NlbGYtY2FyZS9ibWktY292aWQtdmFjY2luZS5hbXAuaHRtbA?oc=5,
5-Mar-21,Yahoo Finance,The $1.9 trillion COVID-19 stimulus plan won't 'overheat' economy: Biden economic advisor - Yahoo Finance,https://news.google.com/__i/rss/rd/articles/CBMigQFodHRwczovL2ZpbmFuY2UueWFob28uY29tL25ld3MvdGhlLTE5LXRyaWxsaW9uLWNvdmlkLTE5LXN0aW11bHVzLXBsYW4td29udC1vdmVyaGVhdC1lY29ub215LWJpZGVuLWVjb25vbWljLWFkdmlzb3ItMTkwMTIxNTgxLmh0bWzSAYkBaHR0cHM6Ly9maW5hbmNlLnlhaG9vLmNvbS9hbXBodG1sL25ld3MvdGhlLTE5LXRyaWxsaW9uLWNvdmlkLTE5LXN0aW11bHVzLXBsYW4td29udC1vdmVyaGVhdC1lY29ub215LWJpZGVuLWVjb25vbWljLWFkdmlzb3ItMTkwMTIxNTgxLmh0bWw?oc=5,
5-Mar-21,WISN Milwaukee,"Milwaukee bar owner thought he was following COVID-19 safety rules fined $3,200 by city - WISN Milwaukee",https://news.google.com/__i/rss/rd/articles/CBMigQFodHRwczovL3d3dy53aXNuLmNvbS9hcnRpY2xlL21pbHdhdWtlZS1iYXItb3duZXItdGhvdWdodC1oZS13YXMtZm9sbG93aW5nLWNvdmlkLTE5LXNhZmV0eS1ydWxlcy1maW5lZC1kb2xsYXIzMzAwLWJ5LWNpdHkvMzU3NDY1MjnSAYUBaHR0cHM6Ly93d3cud2lzbi5jb20vYW1wL2FydGljbGUvbWlsd2F1a2VlLWJhci1vd25lci10aG91Z2h0LWhlLXdhcy1mb2xsb3dpbmctY292aWQtMTktc2FmZXR5LXJ1bGVzLWZpbmVkLWRvbGxhcjMzMDAtYnktY2l0eS8zNTc0NjUyOQ?oc=5,
6-Mar-21,Chicago Tribune,"COVID-19 vaccines given to hundreds of University of Illinois employees who weren’t yet eligible, including coaches and instructors - Chicago Tribune",https://news.google.com/__i/rss/rd/articles/CBMiggFodHRwczovL3d3dy5jaGljYWdvdHJpYnVuZS5jb20vY29yb25hdmlydXMvY3QtY292aWQtdmFjY2luZXMtdW5pdmVyc2l0eS1vZi1pbGxpbm9pcy0yMDIxMDMwNi1oN2V5aml2ZW5yZWV4ZXYyZnl0c2RtbHBhNC1zdG9yeS5odG1s0gGRAWh0dHBzOi8vd3d3LmNoaWNhZ290cmlidW5lLmNvbS9jb3JvbmF2aXJ1cy9jdC1jb3ZpZC12YWNjaW5lcy11bml2ZXJzaXR5LW9mLWlsbGlub2lzLTIwMjEwMzA2LWg3ZXlqaXZlbnJlZXhldjJmeXRzZG1scGE0LXN0b3J5Lmh0bWw_b3V0cHV0VHlwZT1hbXA?oc=5,
5-Mar-21,Scientific American,Public Health Coronavirus News Roundup: February 27–March 5 - Scientific American,https://news.google.com/__i/rss/rd/articles/CBMiWGh0dHBzOi8vd3d3LnNjaWVudGlmaWNhbWVyaWNhbi5jb20vYXJ0aWNsZS9jb3JvbmF2aXJ1cy1uZXdzLXJvdW5kdXAtZmVicnVhcnktMjctbWFyY2gtNS_SAQA?oc=5,
6-Mar-21,The Mercury News,COVID: A user’s guide to the coronavirus variants emerging in California and beyond - The Mercury News,https://news.google.com/__i/rss/rd/articles/CBMieWh0dHBzOi8vd3d3Lm1lcmN1cnluZXdzLmNvbS8yMDIxLzAzLzA2L2NvdmlkLWEtdXNlcnMtZ3VpZGUtdG8tdGhlLWNvcm9uYXZpcnVzLXZhcmlhbnRzLWVtZXJnaW5nLWluLWNhbGlmb3JuaWEtYW5kLWJleW9uZC_SAX1odHRwczovL3d3dy5tZXJjdXJ5bmV3cy5jb20vMjAyMS8wMy8wNi9jb3ZpZC1hLXVzZXJzLWd1aWRlLXRvLXRoZS1jb3JvbmF2aXJ1cy12YXJpYW50cy1lbWVyZ2luZy1pbi1jYWxpZm9ybmlhLWFuZC1iZXlvbmQvYW1wLw?oc=5,
6-Mar-21,USA TODAY,Tired of following COVID-19 safety protocols? You have pandemic fatigue. Here's what to do. - USA TODAY,https://news.google.com/__i/rss/rd/articles/CBMihQFodHRwczovL3d3dy51c2F0b2RheS5jb20vc3RvcnkvbGlmZS9oZWFsdGgtd2VsbG5lc3MvMjAyMS8wMy8wNi9jb3ZpZC0xOS1wYW5kZW1pYy1mYXRpZ3VlLWlnbm9yaW5nLXNhZmV0eS1tZWFzdXJlcy13aGF0LWRvLzQ1Nzk3NDcwMDEv0gEnaHR0cHM6Ly9hbXAudXNhdG9kYXkuY29tL2FtcC80NTc5NzQ3MDAx?oc=5,
5-Mar-21,WOODTV.com,Health dept. tracking ‘substantial’ COVID-19 outbreak at East Grand Rapids HS - WOODTV.com,https://news.google.com/__i/rss/rd/articles/CBMiXWh0dHBzOi8vd3d3Lndvb2R0di5jb20vbmV3cy9rZW50LWNvdW50eS9jb3ZpZC0xOS1vdXRicmVhay1pbmZlY3RzLTE2LWF0LWVhc3QtZ3JhbmQtcmFwaWRzLWhzL9IBYWh0dHBzOi8vd3d3Lndvb2R0di5jb20vbmV3cy9rZW50LWNvdW50eS9jb3ZpZC0xOS1vdXRicmVhay1pbmZlY3RzLTE2LWF0LWVhc3QtZ3JhbmQtcmFwaWRzLWhzL2FtcC8?oc=5,
6-Mar-21,KSAT San Antonio,"Coronavirus update San Antonio, March 5: Leaders report 287 new COVID-19 cases, 3 deaths - KSAT San Antonio",https://news.google.com/__i/rss/rd/articles/CBMigQFodHRwczovL3d3dy5rc2F0LmNvbS9uZXdzL2xvY2FsLzIwMjEvMDMvMDYvY29yb25hdmlydXMtdXBkYXRlLXNhbi1hbnRvbmlvLW1hcmNoLTUtbGVhZGVycy1yZXBvcnQtMjg3LW5ldy1jb3ZpZC0xOS1jYXNlcy0zLWRlYXRocy_SAZABaHR0cHM6Ly93d3cua3NhdC5jb20vbmV3cy9sb2NhbC8yMDIxLzAzLzA2L2Nvcm9uYXZpcnVzLXVwZGF0ZS1zYW4tYW50b25pby1tYXJjaC01LWxlYWRlcnMtcmVwb3J0LTI4Ny1uZXctY292aWQtMTktY2FzZXMtMy1kZWF0aHMvP291dHB1dFR5cGU9YW1w?oc=5,
4-Mar-21,The Washington Post,"‘Masks required’ signs are coming down after Texas, Mississippi lift coronavirus restrictions - The Washington Post",https://news.google.com/__i/rss/rd/articles/CBMiXGh0dHBzOi8vd3d3Lndhc2hpbmd0b25wb3N0LmNvbS9oZWFsdGgvMjAyMS8wMy8wMy90ZXhhcy1taXNzaXNzaXBwaS1jb3ZpZC1yZXN0cmljdGlvbnMtbWFza3Mv0gFraHR0cHM6Ly93d3cud2FzaGluZ3RvbnBvc3QuY29tL2hlYWx0aC8yMDIxLzAzLzAzL3RleGFzLW1pc3Npc3NpcHBpLWNvdmlkLXJlc3RyaWN0aW9ucy1tYXNrcy8_b3V0cHV0VHlwZT1hbXA?oc=5,