publisher,date,link,article_title
breitbart,2021-03-03,https://www.breitbart.com/entertainment/2021/03/03/michael-moore-white-texans-dont-deserve-the-covid-19-vaccine-after-mask-mandate-lifted/,Michael Moore: White Texans Don’t Deserve the COVID-19 Vaccine After Mask Mandate Lifted
breitbart,2021-03-04,https://www.breitbart.com/clips/2021/03/04/netanyahu-snl-michael-ches-claim-israel-vaccinated-only-jewish-half-of-population-outrageous/,Netanyahu: SNL Michael Che’s Claim Israel Vaccinated Only ‘Jewish Half’ of Population ‘Outrageous’
breitbart,2021-03-06,https://www.breitbart.com/europe/2021/03/06/vaxi-taxis-dashing-around-london-help-boost-vaccine-uptake-among-ethnic-minorities/,"‘Vaxi Taxis’ Dash Around London, Help Boost Vaccine Uptake Among Ethnic Minorities"
breitbart,2021-03-06,https://www.breitbart.com/faith/2021/03/06/catholic-scholars-reassert-moral-acceptability-receiving-covid-19-vaccines/,Catholic Scholars Reassert ‘Moral Acceptability of Receiving COVID-19 Vaccines’
breitbart,2021-03-05,https://www.breitbart.com/health/2021/03/05/anthony-fauci-military-members-skipping-vaccine-are-inadvertently-part-of-the-problem/,Anthony Fauci: Military Members Skipping Vaccine Are Inadvertently ‘Part of the Problem’
breitbart,2021-03-05,https://www.breitbart.com/europe/2021/03/05/uk-australia-canada-singapore-switzerland-fast-track-reviews-of-modified-vaccines/,"UK, Australia, Canada, Singapore, Switzerland ‘Fast-Track’ Reviews of Modified Vaccines"
breitbart,2021-03-06,https://www.breitbart.com/europe/2021/03/06/france-may-block-vax-exports-after-eu-backs-italian-seizure-of-australia-bound-doses/,France May Block Vax Exports After EU Backs Italian Seizure of Australia-Bound Doses
breitbart,2021-03-05,https://www.breitbart.com/politics/2021/03/05/cnn-previews-upcoming-cdc-guidance-vaccinated-people/,CNN Previews CDC Guidance for Vaccinated People: ‘It’s Not like Going Back to 2019’
breitbart,2021-03-05,https://www.breitbart.com/europe/2021/03/05/aussie-minister-suggests-desperate-eu-tearing-up-rule-book-blocking-vaccines/,Aussie Govt: Desperate EU ‘Tearing Up Rule Book’ by Blocking Vaccine Shipment
breitbart,2021-03-04,https://www.breitbart.com/science/2021/03/04/interpol-warns-fake-vaccines-seized-china-south-africa-are-tip-iceberg/,"Interpol Warns of Vaccine Fraud After China, South Africa Seize Thousands of Fake Doses"
breitbart,2021-03-04,https://www.breitbart.com/politics/2021/03/04/jen-psaki-refuses-credit-donald-trump-for-setting-up-coronavirus-vaccine-distribution/,Jen Psaki Refuses to Credit Donald Trump for Setting Up Coronavirus Vaccine Distribution
breitbart,2021-03-04,https://www.breitbart.com/latin-america/2021/03/04/brazils-biggest-cities-shut-down-as-vaccines-begin-open-world-up/,Brazil’s Biggest Cities Shut Down as Vaccines Begin to Open World Up
breitbart,2021-03-04,https://www.breitbart.com/europe/2021/03/04/eu-blocks-vaccine-shipment-australia-report/,EU Blocks Vaccine Shipment to Australia: Report
breitbart,2021-03-04,https://www.breitbart.com/faith/2021/03/04/bishops-doctrine-czar-clarifies-johnson-johnson-vaccine-morally-allowed/,Bishops’ Doctrine Czar Clarifies Johnson & Johnson Vaccine ‘Morally Allowed’
breitbart,2021-03-03,https://www.breitbart.com/sports/2021/03/03/keith-olbermann-texas-shouldnt-get-coronavirus-vaccine/,Keith Olbermann: Texas Shouldn’t Get Coronavirus Vaccine
fox,2021-03-05,https://foxnews.com/health/detroit-mayor-johnson-johnson-covid-19-vaccine-doses-white-house,"Detroit mayor turns down J&J COVID-19 vaccine for now, but White House claims he was misunderstood"
fox,2021-03-05,https://foxnews.com/health/when-will-children-be-able-to-get-covid-19-vaccines,When will children be able to get COVID-19 vaccines?
fox,2021-03-05,https://foxnews.com/health/teacher-vaccinations-go-untracked-amid-school-reopening-push,Teacher vaccinations go untracked amid school reopening push
fox,2021-03-05,https://foxnews.com/health/canada-clears-johnson-johnson-vaccine-first-to-approve-4,"Canada clears Johnson & Johnson vaccine, first to approve 4"
fox,2021-03-05,https://foxnews.com/health/florida-educators-receiving-covid-19-vaccines-despite-stricter-state-limits,Florida educators eligible for COVID-19 vaccines despite stricter state age limits
fox,2021-03-04,https://foxnews.com/health/falling-through-cracks-covid-19-vaccine-bypasses-some-older-adults,COVID-19 vaccine bypasses some older adults
fox,2021-03-06,https://foxnews.com/opinion/biden-covid-vaccine-plan-america-last-rep-debbie-lesko,Rep. Debbie Lesko: Biden's COVID vaccine plan – America Last. Why put illegal immigrants ahead of US seniors?
fox,2021-03-05,https://foxnews.com/politics/west-virginia-opens-many-businesses-to-100-capacity-amid-vaccination-progress,West Virginia opens many businesses to 100% capacity amid vaccination progress
fox,2021-03-04,https://foxnews.com/media/biden-vs-texas-what-the-public-cares-about-are-vaccines-and-results,Biden vs. Texas: What the public cares about are vaccines and results 
washington_times,2021-03-05,https://www.washingtontimes.com/news/2021/mar/5/supreme-court-justices-all-given-covid-19-vaccines/,Supreme Court justices all given COVID-19 vaccines
washington_times,2021-03-05,https://www.washingtontimes.com/news/2021/mar/5/catholic-scholars-little-if-any-moral-reasons-reje/,"Catholic scholars: 'Little, if any, moral reasons' to reject J&J vaccine"
washington_times,2021-03-05,https://www.washingtontimes.com/news/2021/mar/5/fauci-military-members-who-refuse-covid-vaccine-in/,Fauci: Military members who refuse COVID vaccine 'innocently and inadvertently' part of the problem
washington_times,2021-03-05,https://www.washingtontimes.com/news/2021/mar/5/governors-hype-new-johnson-johnson-vaccine-public-/,Governors hype new J&J vaccine in public events
washington_times,2021-03-04,https://www.washingtontimes.com/news/2021/mar/4/dc-area-officials-change-vaccine-plans-amid-equity/,Regional officials change vaccine plans amid equity concerns
washington_times,2021-03-04,https://www.washingtontimes.com/news/2021/mar/4/china-use-global-covid-19-vaccine-exports-one-us/,China deploys unlikely weapon to muscle out U.S. on global stage: COVID-19 vaccine
washington_times,2021-03-04,https://www.washingtontimes.com/news/2021/mar/4/eu-regulator-starts-a-review-of-russias-covid-19-v/,EU regulator starts a review of Russia's COVID-19 vaccine
washington_times,2021-03-03,https://www.washingtontimes.com/news/2021/mar/3/catholics-urged-by-us-church-leadership-to-avoid-j/,Catholics urged by U.S. church leadership to avoid Johnson & Johnson COVID-19 vaccine
washington_times,2021-03-03,https://www.washingtontimes.com/news/2021/mar/3/michael-moore-says-texans-dont-need-our-precious-v/,Michael Moore says Texans 'don't need our precious vaccine' after Gov. Abbott lifts mask mandate
washington_times,2021-03-03,https://www.washingtontimes.com/news/2021/mar/3/keith-olbermann-says-texas-shouldnt-get-covid-19-v/,Keith Olbermann says Texas shouldn't get COVID-19 vaccine after Gov. Abbott lifts mask mandate
washington_times,2021-03-02,https://www.washingtontimes.com/news/2021/mar/2/maryland-virginia-wont-see-more-new-johnson-johnso/,"Maryland, Virginia won't see more of new Johnson & Johnson coronavirus vaccine for weeks"
washington_times,2021-03-02,https://www.washingtontimes.com/news/2021/mar/2/biden-tells-states-prioritize-teachers-vaccine/,Biden tells states to prioritize teachers for vaccine
washington_times,2021-03-02,https://www.washingtontimes.com/news/2021/mar/2/merck-help-jj-make-its-vaccine/,Biden: U.S. will have enough vaccine for every adult by May's end
washington_times,2021-03-01,https://www.washingtontimes.com/news/2021/mar/1/trump-first-lady-melania-trump-got-covid-19-vaccin/,"Trump, first lady Melania Trump got COVID-19 vaccine in January"
washington_times,2021-03-01,https://www.washingtontimes.com/news/2021/mar/1/jj-ceo-covid-19-vaccine-trucks-shots-tuesday-or-we/,'This is a really good vaccine': Officials downplay lower efficacy rating of J&J vaccine
washington_times,2021-02-28,https://www.washingtontimes.com/news/2021/feb/28/johnson-johnson-vaccines-emergency-approval-to-acc/,Johnson & Johnson vaccine's emergency approval to accelerate public health campaign
washington_times,2021-02-26,https://www.washingtontimes.com/news/2021/feb/26/40-percent-of-republicans-balk-at-getting-the-covi/,"40 percent of Republicans balk at getting the COVID-19 vaccine, poll shows"
washington_times,2021-02-25,https://www.washingtontimes.com/news/2021/feb/25/kamala-harris-promotes-covid-19-vaccine-southeast-/,Harris promotes COVID-19 vaccine in Southeast D.C. as demand outstrips supply now
washington_times,2021-03-02,https://www.washingtontimes.com/news/2021/mar/2/coming-soon-coronavirus-vaccine-passport/,Coming soon: A coronavirus vaccine passport
washington_times,2021-03-02,https://www.washingtontimes.com/news/2021/mar/2/dolly-parton-alters-jolene-lyrics-covid-19-vaccine/,Dolly Parton rewrites 'Jolene' for her COVID-19 vaccination
ap,2021-03-06,https://apnews.com/article/pandemics-dalai-lama-india-coronavirus-pandemic-coronavirus-vaccine-a068a966f1b8639cbe9c685689c434ff,The Latest: Ireland reaches half million vaccinations
ap,2021-03-05,https://apnews.com/article/canada-coronavirus-pandemic-coronavirus-vaccine-0e155e0690e67777ba2c8e1dd9f7db34,"Canada clears Johnson & Johnson vaccine, first to approve 4"
ap,2021-03-05,https://apnews.com/article/joe-biden-pandemics-washington-coronavirus-pandemic-coronavirus-vaccine-050850c43620fe079a0735e1046a65f4,"The Latest: Study finds masks, dining rules help curb spread"
ap,2021-03-05,https://apnews.com/article/technology-pandemics-coronavirus-vaccine-coronavirus-pandemic-united-nations-0174f499da6e43a92416b91593bf8631,WHO head wants virus vaccine patents waived to boost supply
ap,2021-03-05,https://apnews.com/article/indiana-indianapolis-coronavirus-pandemic-a8d5897869a7ee4316a7e944b317bb1e,Indiana governor gets virus shot at state's 1st mass clinic
ap,2021-03-05,https://apnews.com/article/health-coronavirus-pandemic-coronavirus-vaccine-cancer-0599a81c0a97be3022f096cb8ba56f6b,Swelling after COVID-19 shots may cause cancer false alarms
ap,2021-03-05,https://apnews.com/article/africa-covax-doses-vaccine-coronavirus-f9d5f61a5574fe75b9d89852f4439851,Africa welcomes COVAX doses but warns against 'selfishness'
ap,2021-03-05,https://apnews.com/article/japan-yoshihide-suga-coronavirus-pandemic-tokyo-00c069e6b5ac3cf6766c8060961e233f,Japan extends virus emergency for 2 weeks for Tokyo area
ap,2021-03-05,https://apnews.com/article/europe-emmanuel-macron-coronavirus-pandemic-france-berlin-cd9bc5d52877ef6d1a9b2dc427ac5a17,"After mixed messages, Europe warns against vaccine shopping"
ap,2021-03-04,https://apnews.com/article/sri-lanka-coronavirus-pandemic-coronavirus-vaccine-indian-ocean-russia-810fd365381bfa0e924548acdc06295a,The Latest: San Diego zoo vaccinates 9 great apes for virus
ap,2021-03-04,https://apnews.com/article/ohio-columbus-coronavirus-pandemic-mike-dewine-14129b099907e014ec7a9703733628c3,Ohio governor sets virus goal for lifting of health orders
ap,2021-03-04,https://apnews.com/article/prisons-washington-coronavirus-pandemic-coronavirus-vaccine-agriculture-27e77622b4237ca029eb02ea5d6d21a6,WA vaccine eligibility to expand to more groups on March 22
ap,2021-03-04,https://apnews.com/article/europe-ontario-mexico-coronavirus-pandemic-coronavirus-vaccine-c7eec6a78918b4daf4b881c6b59c1eb1,Ontario leader disappointed in Biden for not sharing vaccine
ap,2021-03-04,https://apnews.com/article/israel-denmark-austria-join-forces-covid-19-7491318d2ed32c5c5dc00c521c293e5e,"Israel, Denmark and Austria join forces against COVID-19"
ap,2021-03-04,https://apnews.com/article/immunizations-new-orleans-metairie-coronavirus-pandemic-coronavirus-vaccine-9ce70d5c31222790953cc753b102c397,Louisiana uses single-dose COVID-19 vaccine for large events
ap,2021-03-04,https://apnews.com/article/germany-astrazeneca-shots-to-over-65-181656632a28010c752d38fbf49a99a5,"In big shift, Germany to give AstraZeneca shots to over 65s"
ap,2021-03-04,https://apnews.com/article/eu-regulator-review-russia-covid-vaccine-d314e8b56ad7f53bedc7c6dce9fa6861,EU regulator starts a review of Russia's COVID-19 vaccine
ap,2021-03-04,https://apnews.com/article/uk-fast-track-modified-covid-vaccine-8f67de3213d082b6e6dc272e045b05dd,"UK, 4 nations fast-track review of modified COVID vaccines"
ap,2021-03-04,https://apnews.com/article/coronavirus-vaccine-coronavirus-pandemic-cambodia-phnom-penh-united-nations-d2b291b286a38dfc360f63d97e7882ee,Cambodian Prime Minister Hun Sen inoculated against COVID-19
ap,2021-03-03,https://apnews.com/article/pennsylvania-tom-wolf-coronavirus-pandemic-coronavirus-vaccine-8b36470b1829af7aa578301a3cc7f9f7,"Pennsylvania teachers, school staff to get 1-dose vaccine"
ap,2021-03-04,https://apnews.com/article/canada-vaccine-panel-4-months-between-doses-b0ad463c2ec1b2ac2c28e0618db33671,Canada vaccine panel recommends 4 months between COVID doses
ap,2021-03-03,https://apnews.com/article/states-rapidly-expanding-vaccine-access-696b0cdc707eab3c5d706f1dd21799fa,States rapidly expanding vaccine access as supplies surge 
ap,2021-03-03,https://apnews.com/article/connecticut-danbury-prisons-coronavirus-pandemic-hartford-049f5b96c5f78ed0c61a745c6f65fcfc,Inmates refuse inoculations; new vaccine arrives in state
ap,2021-03-03,https://apnews.com/article/west-virginia-coronavirus-pandemic-coronavirus-vaccine-838a79da45480a52adb657fd7d5cedf7,West Virginia lowers general age limit for virus vaccine
ap,2021-03-03,https://apnews.com/article/rhode-island-coronavirus-pandemic-coronavirus-vaccine-529d398cff9864cd40f2c42e5c582555,Rhode Island panel approves use of J&J vaccine in state
ap,2021-03-03,https://apnews.com/article/north-carolina-coronavirus-pandemic-coronavirus-vaccine-a04dc66daa251bf63dbffb89e54d00d1,North Carolina Gov. Roy Cooper receives COVID-19 vaccine
ap,2021-03-03,https://apnews.com/article/public-health-health-washington-coronavirus-pandemic-coronavirus-vaccine-58941b08c52dc184975ca56d6ac63ca1,Multi-state review group authorizes J&J vaccine
ap,2021-03-03,https://apnews.com/article/new-orleans-coronavirus-pandemic-coronavirus-vaccine-26d39c1c8586b10d450788295311d8d1,Abortion concerns prompt archdiocese warning on vaccine
ap,2021-03-03,https://apnews.com/article/health-austria-coronavirus-pandemic-coronavirus-vaccine-2853bebaf5cef7d0adb253c3618e1218,Austria plans vaccine drive in area hit by SA virus variant
ap,2021-03-03,https://apnews.com/article/international-soccer-coronavirus-pandemic-west-bank-coronavirus-vaccine-soccer-6c431b88823d71a6a7fdc51a0e5b587c,Palestinian Authority faces criticism over vaccine rollout
ap,2021-03-03,https://apnews.com/article/seychelles-herd-immunity-mid-march-eba7c404b4530e9cc15d2e5dd1df6f58,Seychelles bids to reach COVID 'herd immunity' by mid-March
ap,2021-03-02,https://apnews.com/article/tennessee-immunizations-coronavirus-pandemic-coronavirus-vaccine-f5ad65e77348b014de433e06295f5942,Tennessee to expand vaccine eligibility next week
ap,2021-03-03,https://apnews.com/article/california-clinics-more-vaccines-going-to-rich-not-at-risk-f03c01fa37789edf32d0414ddde072ad,California clinics: More vaccines going to rich than at-risk
ap,2021-03-03,https://apnews.com/article/joe-biden-manage-pandemic-expectations-35a1e534f83860a074f09b85eadbaa71,Analysis: Biden aims to manage expectations with pandemic
ap,2021-03-03,https://apnews.com/article/seniors-ontario-immunizations-health-coronavirus-pandemic-1c29b96a89d9141e0dc3be66cea3800f,Ontario says seniors won't get AstraZeneca vaccine
ap,2021-03-02,https://apnews.com/article/new-orleans-coronavirus-pandemic-coronavirus-vaccine-united-states-2aaed802263bcb2414bcb0c3a096ca01,Abortion concerns prompt archdiocese warning on vaccine
ap,2021-03-02,https://apnews.com/article/world-news-ukraine-immunizations-coronavirus-pandemic-coronavirus-vaccine-0286fe69d2c603d5712d1c03459652ce,Ukraine's leader gets vaccine shot to dispel public doubts
ap,2021-03-02,https://apnews.com/article/europe-israel-coronavirus-pandemic-benjamin-netanyahu-austria-4dfb8ed9decfeb1909454e0843c6b56b,The Latest: WH: Vaccine doses to increase to 15.2M a week
ap,2021-03-02,https://apnews.com/article/coronavirus-rages-west-bank-vaccines-needed-70a5a30e8199c67a1e57186ef28504d3,"A year in, coronavirus rages in vaccine-needy West Bank"
ap,2021-03-02,https://apnews.com/article/caribbean-vaccines-revive-tourism-8ffed2a819b645cb708264847c9daf26,"Sun, sand, shots: Caribbean seeks vaccines to revive economy"
ap,2021-03-02,https://apnews.com/article/angola-united-nations-coronavirus-pandemic-coronavirus-vaccine-92d696fe85f41cd0d861ca67686e5981,"Amid 'historic' rollout, UN vaccine project faces some delay"
ap,2021-03-02,https://apnews.com/article/serbia-covid-surge-lockdown-a103e97fa40c01eb8f51d3687d12dca1,Alarm grows in Serbia over virus surge; lockdown urged
ap,2021-03-02,https://apnews.com/article/europe-israel-denmark-coronavirus-pandemic-benjamin-netanyahu-757dd9ace9cfb56c999ba296c9c63337,"Austria, Denmark look beyond EU to Israel for future vaccine"
ap,2021-03-02,https://apnews.com/article/israel-attorney-general-vaccine-e1cc36b47f7ddb64a3cb90eb42684f9f,Israeli attorney general slams Netanyahu's vaccine diplomacy
ap,2021-03-02,https://apnews.com/article/china-vaccines-worldwide-0382aefa52c75b834fbaf6d869808f51,"Chinese vaccines sweep much of the world, despite concerns"
ap,2021-03-01,https://apnews.com/article/europe-czech-republic-andrej-babis-coronavirus-pandemic-coronavirus-vaccine-de9bba833dd336e2c1d4747842e8482e,"Czechs send 30,000 police, soldiers to enforce travel limits"
ap,2021-03-01,https://apnews.com/article/angela-merkel-germany-coronavirus-pandemic-coronavirus-vaccine-79794e5ea9e7f2ac67196694b9e4e030,The Latest: Slovakia receives 200K Sputnik V vaccine doses 
ap,2021-03-01,https://apnews.com/article/coronavirus-pandemic-ivory-coast-824ac282d9b26bea6d1664797470551e,UK: Poorer nations should get 'gold-standard' COVAX vaccines
politico,2020-07-13,https://www.politico.com/news/2020/07/13/vaccine-makers-profit-congress-360135,Vaccine-makers’ ‘no profit’ pledge stirs doubts in Congress
politico,2021-03-05,https://www.politico.com/news/2021/03/05/canada-approves-johnson-johnson-vaccine-473871,Canada approves Johnson & Johnson vaccine
politico,2021-01-20,https://www.politico.com/news/2021/01/20/states-coronavirus-vaccine-shortages-460899,States’ new vaccine worry: Not enough doses
politico,2020-07-21,https://www.politico.com/news/2020/07/21/vaccine-makers-trump-congress-375921,Vaccine-makers shrug off concerns about Trump admin cutting corners
politico,2020-09-08,https://www.politico.com/news/2020/09/08/vaccine-makers-safety-pledge-409784,Vaccine-makers promise safety amid shaky public confidence in Covid developments
politico,2020-03-20,https://www.politico.com/news/2020/03/20/why-the-push-for-a-quick-coronavirus-vaccine-could-backfire-139854,Why the push for a quick coronavirus vaccine could backfire
politico,2021-02-27,https://www.politico.com/news/2021/02/27/fda-authorizes-johnson-johnson-vaccine-471837,FDA authorizes Johnson & Johnson coronavirus vaccine
politico,2020-12-16,https://www.politico.com/news/2020/12/16/new-york-vaccinating-health-care-workers-447029,New York begins vaccinating health care workers
politico,2020-05-18,https://www.politico.com/news/2020/05/18/vaccine-skeptics-coronavirus-europe-265790,Vaccine skeptics threaten Europe’s bid to beat coronavirus
politico,2021-02-16,https://www.politico.com/news/2021/02/16/storms-delay-vaccine-shipments-469170,"Storms likely causing 'widespread' delays of vaccine shipments, CDC says"
politico,continuously updated,https://www.politico.com/news/2020/04/27/tracking-the-hunt-for-coronavirus-drugs-and-vaccines-211416,The vaccines that could stop Covid-19
politico,2020-09-13,https://www.politico.com/news/2020/09/12/trump-vaccine-tracking-system-412968,Trump officials rush to introduce untested vaccine tracking system
politico,2020-10-28,https://www.politico.com/news/2020/10/28/covid-vaccine-challenge-nationalism-433023,The next vaccine challenge: Nationalism
politico,2020-10-30,https://www.politico.com/news/2020/10/30/white-house-aide-says-trumps-vaccine-by-election-day-promise-was-arbitrary-433670,White House aide says Trump's vaccine-by-Election Day promise was 'arbitrary'
politico,2020-07-20,https://www.politico.com/news/2020/07/20/british-vaccine-immune-response-human-study-372750,Promising results reported for 2 coronavirus vaccines
politico,2021-01-11,https://www.politico.com/news/2021/01/11/biden-covid-vaccination-plan-457667,Biden to unveil vaccination plan this week
politico,2021-03-02,https://www.politico.com/news/2021/03/02/merck-johnson-and-johnson-vaccine-472419,Biden accelerates vaccination timeline after manufacturing deal
politico,2020-12-18,https://www.politico.com/news/2020/12/18/fda-authorizes-moderna-coronavirus-vaccine-448578,FDA authorizes Moderna vaccine for emergency use
politico,2020-12-16,https://www.politico.com/news/2020/12/16/biden-pence-covid-vaccine-447182,"Biden, Pence to get Covid vaccine soon"
politico,2020-10-16,https://www.politico.com/news/2020/10/16/pfizer-no-vaccine-trump-election-429843,Pfizer delivers final blow to Trump's hope for preelection vaccine
politico,2020-09-16,https://www.politico.com/news/2020/09/16/trump-admin-coronavirus-vaccines-415914,Trump admin unveils plan for distributing coronavirus vaccines
politico,2020-09-16,https://www.politico.com/news/2020/09/16/trump-contradicts-his-cdc-director-over-masks-vaccine-timeline-416475,"Trump contradicts his CDC director over masks, vaccine timeline"
politico,2020-05-18,https://www.politico.com/news/2020/05/18/immunity-passports-reopen-america-264392,'Immunity passports' won't reopen America
politico,2020-07-24,https://www.politico.com/news/2020/07/24/sweden-catches-first-glimpse-of-herd-immunity-381117,Sweden split on coronavirus immunity
politico,2020-06-15,https://www.politico.com/news/2020/06/15/supreme-court-qualified-immunity-police-cases-320187,Supreme Court turns down cases on 'qualified immunity' for police
politico,2020-10-06,https://www.politico.com/news/2020/10/06/trump-herd-immunity-scientists-426911,Trump advisers consult scientists pushing disputed herd immunity strategy
politico,2020-05-25,https://www.politico.com/news/2020/05/25/european-union-commissioner-coronavirus-immunity-certificates-arent-reliable-279994,European Union commissioner: Coronavirus immunity certificates aren’t reliable
politico,2020-12-16,https://www.politico.com/news/2020/12/16/trump-appointee-demanded-herd-immunity-strategy-446408,"‘We want them infected’: Trump appointee demanded ‘herd immunity’ strategy, emails reveal"
politico,2020-11-23,https://www.politico.com/newsletters/politico-pulse/2020/11/23/herd-immunity-by-may-791847,Herd immunity by May?
politico,2020-08-26,https://www.politico.com/news/2020/08/26/moderna-coronavirus-vaccine-shows-strong-immune-response-in-older-adults-402344,Moderna coronavirus vaccine shows strong immune response in older adults
politico,2020-10-12,https://www.politico.com/news/2020/10/12/trump-rally-covid-19-immunity-429117,Trump boasts of Covid-19 immunity at first rally since diagnosis
politico,2020-04-10,https://www.politico.com/news/2020/04/10/fauci-coronavirus-immunity-cards-for-americans-are-being-discussed-178784,Fauci: Coronavirus immunity cards for Americans are ‘being discussed’
politico,2020-01-01,https://www.politico.com/news/2020/01/01/israel-netanyahu-corruption-charges-092228,Israel’s Netanyahu seeks immunity from corruption charges
politico,2020-12-16,https://www.politico.com/news/2020/12/16/pfizer-vaccine-extra-doses-447117,"FDA says Pfizer vaccine vials hold extra doses, expanding supply"
politico,2021-01-10,https://www.politico.com/news/2021/01/10/hospitals-syringes-vaccine-waste-doses-457017,Hospitals say syringes supplied by feds waste vaccine doses
politico,2021-02-28,https://www.politico.com/news/2021/02/28/johnson-johnson-covid-vaccine-471874,Single-dose Covid vaccine recommended by CDC advisory panel
politico,2021-01-26,https://www.politico.com/news/2021/01/26/biden-covid-vaccine-purchase-462803,Biden administration to buy 200 million more doses of Covid vaccine
politico,2021-02-02,https://www.politico.com/news/2021/02/02/biden-vaccine-pharmacies-464995,Biden administration to begin shipping vaccine doses directly to pharmacies
politico,2021-02-11,https://www.politico.com/news/2021/02/11/biden-200-million-vaccine-doses-468756,Biden administration finalizes purchase of 200M additional vaccine doses
politico,2021-01-07,https://www.politico.com/news/2021/01/07/governors-demand-hhs-covid-vaccine-456289,8 Democratic governors demand HHS release more vaccine doses
politico,2021-01-21,https://www.politico.com/news/2021/01/21/biden-presidency-unity-461214,Biden gets a cold dose of ‘unity’
politico,2020-12-31,https://www.politico.com/news/2020/12/31/police-investigate-vaccine-spoiling-453005,Police investigate deliberate spoiling of 500 vaccine doses
politico,2020-08-12,https://www.politico.com/news/2020/08/12/coronavirus-vaccine-challenges-394444,The next unprecedented vaccine hurdle: Making hundreds of millions of doses
politico,2020-12-23,https://www.politico.com/news/2020/12/23/pfizer-biontech-supply-coronavirus-vaccine-450216,U.S. buys another 100M doses of Pfizer-BioNTech coronavirus vaccine
politico,2021-02-07,https://www.politico.com/news/2021/02/07/biden-coronavirus-vaccine-campaign-466434,Biden’s vaccine ad campaign hits roadblock: Not enough doses
politico,2020-12-16,https://www.politico.com/news/2020/12/16/us-could-get-additional-pfizer-vaccine-doses-by-summer-446389,U.S. could get additional Pfizer vaccine doses by summer
politico,2020-10-12,https://www.politico.com/news/2020/10/12/johnson-coronavirus-vaccine-paused-429126,Johnson & Johnson pauses dosing of its coronavirus vaccine
politico,2021-01-11,https://www.politico.com/news/2021/01/11/governors-red-tape-vaccine-rollout-457909,Governors’ red tape blamed as vaccine doses pile up
politico,2021-02-17,https://www.politico.com/news/2021/02/17/europe-300-million-moderna-vaccine-doses-469274,EU OKs contract for 300 million more Moderna vaccine doses
politico,2020-12-10,https://www.politico.com/news/2020/12/10/fda-pfizer-vaccine-444463,FDA advisory panel recommends use of Pfizer vaccine
politico,2020-12-08,https://www.politico.com/news/2020/12/08/fda-pfizer-coronavirus-vaccine-safe-443587,FDA says Pfizer vaccine is safe and effective
politico,2020-12-13,https://www.politico.com/news/2020/12/13/pfizer-coronavirus-vaccine-ships-444863,U.S. begins shipping Pfizer's coronavirus vaccine
politico,2020-11-09,https://www.politico.com/newsletters/politico-nightly/2020/11/09/pfizers-vaccine-breakthrough-whats-next-490850,Pfizer’s vaccine breakthrough: What’s next
politico,2020-10-16,https://www.politico.com/news/2020/10/16/pfizer-coronavirus-vaccine-authorization-election-429797,Pfizer won't seek coronavirus vaccine authorization until after election
politico,2020-12-16,https://www.politico.com/news/2020/12/16/alaska-pfizer-coronavirus-vaccine-reaction-446861,Alaska reports adverse reaction from Pfizer vaccine in health worker
politico,2019-04-12,https://www.politico.com/newsletters/politico-influence/2019/04/12/pfizer-hires-jeff-miller-424439,Pfizer hires Jeff Miller
politico,2020-12-11,https://www.politico.com/newsletters/prescription-pulse/2020/12/11/fda-panel-recommends-pfizer-shot-questions-remain-792211,"FDA panel recommends Pfizer shot, questions remain"
politico,2020-11-09,https://www.politico.com/news/2020/11/09/pfizer-coronavirus-vaccine-effective-435304,What we know — and don’t — about Pfizer’s promising vaccine results
politico,2020-11-20,https://www.politico.com/news/2020/11/20/pfizer-covid-vaccine-emergency-authorization-438618,Pfizer is first coronavirus vaccine maker to seek FDA authorization
politico,2020-12-11,https://www.politico.com/news/2020/12/11/azar-authorization-pfizer-coronavirus-vaccine-444508,U.S. health officials say authorization is imminent for Pfizer coronavirus vaccine
politico,2021-01-22,https://www.politico.com/news/2021/01/22/pfizer-coronavirus-vaccine-doses-461537,Pfizer ships fewer Covid vaccine vials to U.S. after Trump FDA label change
politico,2020-10-09,https://www.politico.com/news/2020/10/09/coronavirus-vaccine-pfizer-election-day-428371,Pfizer trying to defuse critics amid push for vaccine before Election Day
politico,2020-10-01,https://www.politico.com/news/2020/10/01/pfizer-ceo-debate-covid-vaccine-424599,"Pfizer CEO: ‘Disappointed’ in presidential debate, vows no political pressure on Covid shot"
politico,2020-11-18,https://www.politico.com/news/2020/11/18/pfizer-vaccine-95-percent-effective-437440,Pfizer says vaccine is 95 percent effective in updated data
politico,2020-07-26,https://www.politico.com/news/2020/07/26/trump-invests-moderna-vaccine-candidate-381690,Trump administration invests $472M more in Moderna vaccine candidate
politico,2020-12-18,https://www.politico.com/newsletters/prescription-pulse/2020/12/18/moderna-vaccine-ready-for-its-first-rodeo-792388,Moderna vaccine ready for its 'first rodeo'
politico,2020-11-30,https://www.politico.com/news/2020/11/30/moderna-coronavirus-vaccine-emergency-use-authorization-441339,Moderna to seek emergency FDA authorization for coronavirus vaccine
politico,2020-12-15,https://www.politico.com/news/2020/12/15/fda-second-vaccine-moderna-445418,"FDA clears path for second coronavirus vaccine, from Moderna"
politico,2020-12-18,https://www.politico.com/newsletters/politico-pulse/2020/12/18/modernas-vaccine-is-on-the-way-792402,Moderna’s vaccine is on the way
politico,2021-02-12,https://www.politico.com/news/2021/02/12/moderna-fda-vaccine-doses-468884,Moderna in talks with FDA to increase vaccine doses per vial
politico,2020-07-14,https://www.politico.com/news/2020/07/14/coronavirus-vaccine-clinical-trial-results-361844,Moderna coronavirus vaccine shows promising results in early clinical trial
politico,2021-01-25,https://www.politico.com/news/2021/01/25/moderna-booster-shot-vaccine-covid-variant-462131,Moderna making booster shot to fight Covid-19 variants
politico,2020-11-11,https://www.politico.com/news/2020/11/11/moderna-to-reveal-covid-vaccine-data-436113,Moderna close to revealing first data on whether its vaccine works
politico,2020-12-17,https://www.politico.com/news/2020/12/17/fda-advisory-panel-recommends-use-of-moderna-vaccine-447942,Upstart Moderna takes on outsized role in U.S. vaccine effort
politico,2020-12-11,https://www.politico.com/news/2020/12/11/government-buys-moderna-vaccine-444626,U.S. government buys another 100 million doses of Moderna vaccine
politico,2021-01-03,https://www.politico.com/news/2021/01/03/moderna-vaccine-doses-warp-speed-half-453979,"Feds may cut Moderna vaccine doses in half so more people get shots, Warp Speed adviser says"
politico,2020-06-12,https://www.politico.com/newsletters/massachusetts-playbook/2020/06/12/inside-the-medical-mask-market-police-update-force-policies-amid-protests-moderna-speeds-up-vaccine-trial-489504,Inside the MEDICAL MASK market — POLICE update FORCE policies amid protests — Moderna speeds up VACCINE trial — HHS Sec. AZAR to visit Beth Israel
politico,2020-11-16,https://www.politico.com/news/2020/11/16/moderna-coronavirus-vaccine-effective-436776,There are 2 effective Covid-19 vaccines. What’s next?
politico,2020-11-30,https://www.politico.com/newsletters/playbook-pm/2020/11/30/scary-coronavirus-numbers-and-a-new-relief-effort-491012,"POLITICO Playbook PM: Scary coronavirus numbers, and a new relief effort"
politico,2020-03-24,https://www.politico.com/news/2020/03/24/health-care-workers-coronavirus-vaccine-146208,"Health care workers might get coronavirus shots this fall, vaccine company CEO says"
politico,2020-12-01,https://www.politico.com/newsletters/prescription-pulse/2020/12/01/canada-clamps-down-on-drug-imports-as-us-finalizes-plan-791950,Canada clamps down on drug imports as U.S. finalizes plan
politico,2020-06-12,https://www.politico.com/news/2020/06/12/boris-johnsons-week-from-hell-315973,Boris Johnson’s week from hell
politico,2020-05-25,https://www.politico.com/news/2020/05/25/boris-johnson-lockdown-britain-281007,Boris Johnson’s top aide Cummings: I ‘behaved reasonably’
politico,2020-04-09,https://www.politico.com/news/2020/04/09/boris-johnson-leaves-intensive-care-177887,Boris Johnson leaves intensive care
politico,2021-01-13,https://www.politico.com/news/2021/01/13/johnson-johnson-vaccine-production-458941,Johnson & Johnson vaccine hits production snags
politico,2020-03-16,https://www.politico.com/news/2020/03/16/boris-johnson-coronavirus-message-131891,Boris Johnson goes on offense to control coronavirus message
politico,2021-02-22,https://www.politico.com/news/2021/02/22/johnson-johnson-vaccine-march-470994,Johnson & Johnson says it can provide 20M vaccine doses by late March
politico,2020-03-27,https://www.politico.com/news/2020/03/27/boris-johnson-coronavirus-positive-test-151411,Boris Johnson tests positive for coronavirus
politico,2020-04-06,https://www.politico.com/news/2020/04/06/trump-offers-help-to-treat-boris-johnson-in-hospital-170294,Trump offers ‘help’ to treat Boris Johnson
politico,2020-06-03,https://www.politico.com/news/2020/06/03/boris-johnson-george-floyd-death-inexcusable-298248,Boris Johnson: George Floyd death ‘inexcusable’
politico,2020-03-23,https://www.politico.com/news/2020/03/23/uk-coronavirus-lockdown-144656,Boris Johnson announces coronavirus lockdown in UK
politico,2020-05-24,https://www.politico.com/news/2020/05/24/boris-johnson-britain-coronavirus-275824,Boris Johnson’s backing for aide risks his lockdown credibility
politico,2021-02-26,https://www.politico.com/news/2021/02/26/fda-johnson-johnson-vaccine-advantages-471766,FDA panel endorses Johnson & Johnson vaccine in 22-0 vote
politico,2020-06-28,https://www.politico.com/news/2020/06/28/britain-sedwill-boris-johnson-343384,Senior official in Boris Johnson’s government stepping down
politico,2021-02-04,https://www.politico.com/news/2021/02/04/johnson-johnson-seeks-emergency-authorization-for-vaccine-466033,Johnson & Johnson files for emergency use of Covid-19 shot
politico,2021-01-29,https://www.politico.com/news/2021/01/29/johnson-and-johnson-vaccine-efficacy-coronavirus-463732,Johnson & Johnson vaccine is 66% effective in global study
politico,2020-04-12,https://www.politico.com/news/2020/04/12/boris-johnson-discharged-from-hospital-180524,Boris Johnson discharged from hospital
politico,2021-02-24,https://www.politico.com/news/2021/02/24/fda-johnson-johnson-single-dose-shot-covid-471327,FDA confirms J&J vaccine is safe and effective
politico,2021-03-04,https://www.politico.com/news/2021/03/04/j-j-vaccine-reopening-schools-nj-473693,"J&J vaccine the ’accelerant’ to reopening schools in New Jersey, Murphy says"
politico,2020-02-07,https://www.politico.com/news/2020/02/07/governor-pritzker-illinois-should-go-first-not-iowa-111928,"Gov. J.B. Pritzker: Illinois, not Iowa, should go first in primaries"
politico,2020-03-26,https://www.politico.com/news/2020/03/26/immigration-jail-coronavirus-151343,Judge orders release of 10 immigration detainees from N.J. jails
politico,2020-10-01,https://www.politico.com/news/2020/10/01/nj-lawmaker-ex-aide-probation-hoax-letters-424639,N.J. lawmaker’s ex-aide gets probation for sending hoax letters
politico,2019-11-07,https://www.politico.com/newsletters/new-jersey-playbook/2019/11/07/nj-bucks-the-national-trend-487608,N.J. bucks the national trend
politico,2019-10-09,https://www.politico.com/newsletters/new-jersey-playbook/2019/10/09/half-of-nj-residents-back-impeachment-process-486891,Half of N.J. residents back impeachment process
politico,2021-02-11,https://www.politico.com/newsletters/new-jersey-playbook/2021/02/11/nj-musician-with-dedicated-following-arrested-491712,N.J. musician with dedicated following arrested
politico,2020-03-01,https://www.politico.com/news/2020/03/01/trump-homelessness-local-efforts-116521,Trump's jabs on homelessness singe local efforts
politico,2020-05-16,https://www.politico.com/news/2020/05/16/barack-obama-coronavirus-commencement-address-262000,Obama jabs U.S. response to coronavirus in commencement address
politico,2020-07-23,https://www.politico.com/news/2020/07/23/trump-twitter-jab-liz-cheney-379679,Trump wades into GOP dispute with Twitter jab at Cheney
politico,2020-03-06,https://www.politico.com/news/2020/03/06/lori-lightfoot-endorses-joe-biden-122753,Chicago mayor backs Biden despite jabbing him over Anita Hill
politico,2020-09-30,https://www.politico.com/news/2020/09/30/donald-trump-chris-wallace-post-debate-423655,Trump continues jabbing at moderator Wallace in debate's wake
politico,2020-10-07,https://www.politico.com/news/2020/10/07/vp-debate-2020-what-to-watch-427305,Harris and Pence return to the jab and move debate
politico,2020-01-19,https://www.politico.com/news/2020/01/19/warren-joins-bernie-jabbing-biden-social-security-101111,Warren joins Bernie in jabbing Biden on Social Security
politico,2020-01-17,https://www.politico.com/news/2020/01/17/donald-trump-mike-bloomberg-100420,Trump jabs at ‘Mini Mike Bloomberg’ for debate stage absence
politico,2019-10-31,https://www.politico.com/news/2019/10/31/scaramucci-bullock-jabs-063224,Anthony Scaramucci and Steve Bullock trade jabs over prank endorsement
politico,2021-02-07,https://www.politico.com/news/2021/02/07/south-africa-astrazeneca-466996,South Africa suspends AstraZeneca vaccine drive
politico,2021-02-26,https://www.politico.com/news/2021/02/26/canada-approves-astrazeneca-covid-vaccine-471746,Canada approves AstraZeneca vaccine as Trudeau looks for rollout lift
politico,2020-10-21,https://www.politico.com/news/2020/10/21/astrazeneca-restarting-us-covid-vaccine-trial-430788,AstraZeneca close to restarting Covid-19 vaccine trial in U.S.
politico,2020-09-08,https://www.politico.com/news/2020/09/08/astrazeneca-halts-covid-19-vaccine-trials-410308,AstraZeneca halts Covid-19 vaccine trials to assess safety issue
politico,2020-08-24,https://www.politico.com/news/2020/08/24/astrazeneca-denies-white-house-is-fast-tracking-its-covid-19-vaccine-400963,AstraZeneca denies White House is fast-tracking its Covid-19 vaccine
politico,2020-09-12,https://www.politico.com/news/2020/09/12/astrazeneca-resuming-coronavirus-vaccine-trials-412885,AstraZeneca to resume U.K. coronavirus vaccine trials after safety concern
politico,2020-11-23,https://www.politico.com/news/2020/11/23/astrazeneca-fda-vaccine-authorization-439649,AstraZeneca to seek FDA authorization for vaccine based on foreign trial data
politico,2020-12-30,https://www.politico.com/news/2020/12/30/astrazeneca-vaccine-april-452371,Warp Speed chief: U.S. won’t get AstraZeneca vaccine until April
politico,2021-02-08,https://www.politico.com/newsletters/politico-nightly/2021/02/08/why-you-cant-get-the-astrazeneca-vaccine-491679,Why you can’t get the AstraZeneca vaccine
politico,2020-08-14,https://www.politico.com/newsletters/prescription-pulse/2020/08/14/what-is-the-real-warp-speed-timeline-789918,What is the real Warp Speed timeline?
politico,2020-09-09,https://www.politico.com/newsletters/politico-pulse/2020/09/09/collins-and-adams-face-senate-health-panel-790313,Collins and Adams face Senate health panel
politico,2020-10-20,https://www.politico.com/newsletters/politico-influence/2020/10/20/lawrences-chief-of-staff-heads-to-k-street-791087,Lawrence’s chief of staff heads to K Street
politico,2020-09-01,https://www.politico.com/news/2020/09/01/astrazeneca-coronavirus-vaccine-final-testing-406951,Third virus vaccine reaches major hurdle: Final U.S. testing
politico,2019-11-09,https://www.politico.com/news/2019/11/09/impeachment-transcripts-hidden-gems-066854,"Pecans, Jay Leno and the Oxford comma: Hidden gems of the impeachment transcripts"
politico,2020-09-11,https://www.politico.com/newsletters/politico-pulse/2020/09/11/how-oxfords-vaccine-hype-collided-with-reality-790362,How Oxford’s vaccine hype collided with reality
politico,2020-06-16,https://www.politico.com/newsletters/playbook-pm/2020/06/16/a-peek-inside-trumps-mind-489545,POLITICO Playbook PM: A peek inside Trump’s mind
politico,2020-06-16,https://www.politico.com/newsletters/prescription-pulse/2020/06/16/hydroxychloroquine-is-out-489540,Hydroxychloroquine is out
politico,2020-07-15,https://www.politico.com/newsletters/playbook-pm/2020/07/15/trumps-new-attack-on-biden-489809,POLITICO Playbook PM: Trump’s new attack on Biden
politico,2020-04-03,https://www.politico.com/newsletters/global-translations/2020/04/03/time-for-a-global-new-deal-488788,Time for a Global New Deal
politico,2020-09-11,https://www.politico.com/newsletters/playbook/2020/09/11/the-politics-of-tragedy-490302,POLITICO Playbook: The politics of tragedy
politico,2020-06-10,https://www.politico.com/newsletters/playbook-pm/2020/06/10/news-white-house-crafting-police-overhaul-executive-order-489486,POLITICO Playbook PM: White House crafting police overhaul executive order
politico,2020-06-16,https://www.politico.com/news/2020/06/16/steroid-reduces-coronavirus-deaths-322136,Cheap steroid reduces Covid-19 deaths in large study
politico,2020-06-16,https://www.politico.com/news/2020/06/16/how-the-pandemic-will-shake-up-the-university-landscape-322230,How the pandemic will shake up the university landscape
politico,2020-07-16,https://www.politico.com/news/2020/07/16/laid-off-workers-jobless-aid-366056,For 17th straight week more than 1M Americans seek job aid
politico,2020-09-16,https://www.politico.com/newsletters/politico-nightly-coronavirus-special-edition/2020/09/16/reasons-to-believe-in-the-vaccine-490348,Reasons to believe in the vaccine
politico,2020-12-02,https://www.politico.com/newsletters/politico-nightly/2020/12/02/something-trump-and-biden-agree-on-491035,Something Trump and Biden agree on
politico,2020-09-11,https://www.politico.com/newsletters/prescription-pulse/2020/09/11/marks-prepare-for-eua-plus-for-covid-vaccines-790343,Marks: Prepare for 'EUA-plus' for Covid vaccines
politico,2021-02-19,https://www.politico.com/newsletters/prescription-pulse/2021/02/19/real-world-evidence-backs-up-vax-trials-793452,Real world evidence backs up vax trials
politico,2021-01-12,https://www.politico.com/newsletters/politico-pulse/2021/01/12/state-leaders-urged-to-loosen-vax-rules-792728,State leaders urged to loosen vax rules
politico,2020-12-17,https://www.politico.com/newsletters/illinois-playbook/2020/12/17/video-shakes-city-hall-county-eyes-juneteenth-holiday-fewer-vax-doses-buttigieg-loves-ohare-491181,VIDEO SHAKES CITY HALL — COUNTY EYES JUNETEENTH HOLIDAY — FEWER VAX DOSES? — BUTTIGIEG LOVES O’HARE
politico,2021-02-16,https://www.politico.com/newsletters/massachusetts-playbook/2021/02/16/slow-vaccine-rollout-picks-up-federal-funds-remain-unspent-boston-botched-commissioner-appointment-auchincloss-swings-left-491755,VAX pace picks up — Stimulus funds remain UNSPENT — BOSTON botched COMMISSIONER appointment — AUCHINCLOSS breaks LEFT
politico,2020-07-09,https://www.politico.com/news/2020/07/09/poland-andrzej-duda-anti-vaccination-coronavirus-355016,Polish president taps into anti-vax sentiment ahead of elections
politico,2020-07-23,https://www.politico.com/news/2020/07/23/european-commission-vax-companies-379866,"Commission still talking to vax companies, while U.S., U.K. secure deals"
politico,2021-02-01,https://www.politico.com/news/2021/02/01/kamala-harris-vp-coronavirus-vaccine-464165,Call in Kamala: Biden turns to the veep to sell Covid vax to communities of color
politico,2020-11-16,https://www.politico.com/newsletters/politico-nightly/2020/11/16/the-vax-vial-half-full-or-half-empty-490911,The vax vial: half-full or half-empty?
politico,2021-01-28,https://www.politico.com/newsletters/global-pulse/2021/01/28/what-chinas-vax-trolling-adds-up-to-491548,What China’s vax trolling adds up to
politico,2021-02-26,https://www.politico.com/newsletters/massachusetts-playbook/2021/02/26/fenway-could-soon-host-fans-lawmakers-roast-baker-over-vax-program-morse-tapped-for-provincetown-job-491912,FENWAY could soon HOST FANS — Lawmakers ROAST BAKER over VAX program — MORSE tapped for PROVINCETOWN job
politico,2020-10-14,https://www.politico.com/newsletters/politico-pulse/2020/10/14/new-poll-vax-confidence-still-low-790973,New poll: Vax confidence still low
politico,2021-03-03,https://www.politico.com/newsletters/massachusetts-playbook/2021/03/03/turco-wins-special-house-primary-santiago-raises-274k-clark-the-adult-in-the-room-fenway-vax-site-could-move-hot-mic-in-methuen-491968,TURCO wins special HOUSE PRIMARY — SANTIAGO raises $274K — Is CLARK the ‘ADULT in the ROOM’ — FENWAY VAX site COULD MOVE — HOT MIC in METHUEN
politico,2021-02-08,https://www.politico.com/newsletters/politico-pulse/2021/02/08/bidens-pro-vax-campaign-stumbles-as-states-run-low-on-supplies-793239,Biden’s pro-vax campaign stumbles as states run low on supplies
politico,2021-02-18,https://www.politico.com/newsletters/massachusetts-playbook/2021/02/18/warren-presses-biden-for-debt-relief-new-groups-eligible-for-covid-shots-beacon-hill-to-probe-vax-rollout-491796,WARREN presses BIDEN for DEBT RELIEF — NEW GROUPS eligible for COVID SHOTS — BEACON HILL to probe VAX rollout
politico,2020-09-23,https://www.politico.com/newsletters/politico-nightly-coronavirus-special-edition/2020/09/23/new-poll-no-vax-bump-for-trump-490416,New poll: No vax bump for Trump
politico,2020-12-10,https://www.politico.com/newsletters/illinois-playbook/2020/12/10/black-caucus-backs-madigan-merry-vax-mas-lightfoot-dings-dc-gop-eyes-goldberg-durbins-double-duty-491112,BLACK CAUCUS BACKS MADIGAN — MERRY VAX-MAS! — LIGHTFOOT DINGS D.C. — GOP EYES GOLDBERG — DURBIN’s DOUBLE DUTY
politico,2021-03-05,https://www.politico.com/newsletters/massachusetts-playbook/2021/03/05/walshs-waiting-game-vax-sites-cost-11-million-per-week-baker-travels-to-florida-after-family-death-492001,WALSH’s WAITING GAME — VAX SITES cost $1.1M per week — BAKER travels to FLORIDA after family death
politico,2020-08-25,https://www.politico.com/newsletters/prescription-pulse/2020/08/25/trumps-win-at-all-costs-vax-strategy-could-backfire-790123,Trump's win-at-all-costs vax strategy could backfire
politico,2021-02-19,https://www.politico.com/newsletters/massachusetts-playbook/2021/02/19/baker-pissed-off-over-vax-site-crash-gop-group-seeks-oppo-in-guvs-race-walsh-brings-koh-to-department-of-labor-491809,BAKER ‘PISSED OFF’ over VAX SITE CRASH — GOP group seeks OPPO in guv’s race — WALSH brings KOH to Labor
dailykos,2021-03-06,https://www.dailykos.com/stories/2021/3/6/2019686/-America-may-never-reach-herd-immunity-thanks-to-anti-vax-Republicans,"America may never reach 'herd immunity,' thanks to anti-vax Republicans"
dailykos,2021-03-05,https://www.dailykos.com/stories/2021/3/5/2019569/-What-to-expect-when-you-re-inoculating-i-e-what-you-can-and-can-t-do-after-being-vaccinated,What you should and should not do after getting your chance at COVID-19 vaccine
dailykos,2021-03-06,https://www.dailykos.com/stories/2021/3/6/2019688/-The-Partisan-Divide-on-Science-and-COVID-vaccinations-Pew-Research-Findings,The Partisan Divide on Science and COVID-19 vaccinations - Pew Research Findings
